Resolution Bin,Percentile,Avg B-factor,Max B-factor,Std B-factor,Ramachandran Score,Rotamer Score,Residue Fit,Mainchain Fit,Sidechain Fit
<10,1,5.01866,5.96,0.22528,0.00636,0.04165,0.78318,0.7049,0.64218
<10,2,5.73588,6.78,0.28683,0.01387,0.07496,1.04497,0.94267,0.86058
<10,3,6.23429,7.34,0.33215,0.02005,0.10416,1.2364,1.11871,1.02094
<10,4,6.625,7.8,0.37009,0.02497,0.13119,1.39467,1.26279,1.14955
<10,5,6.96,8.19,0.40301,0.0302,0.15595,1.53339,1.39167,1.2604
<10,6,7.242,8.53,0.43278,0.03602,0.1786,1.65976,1.50908,1.35657
<10,7,7.50427,8.83,0.4605,0.04211,0.1999,1.77412,1.61823,1.44631
<10,8,7.75,9.11,0.48666,0.04741,0.22035,1.88534,1.72242,1.52863
<10,9,7.97,9.38,0.5116,0.05242,0.23983,1.99095,1.82252,1.60598
<10,10,8.18115,9.63,0.53547,0.05784,0.25878,2.0952,1.91976,1.67838
<10,11,8.3826,9.88,0.55854,0.06323,0.27675,2.19597,2.01565,1.74749
<10,12,8.57143,10.11,0.58073,0.0688,0.2941,2.29469,2.10968,1.81292
<10,13,8.7575,10.33,0.60278,0.07456,0.31111,2.39226,2.20221,1.87717
<10,14,8.9375,10.55,0.62396,0.08046,0.32755,2.48927,2.29528,1.93941
<10,15,9.1111,10.76,0.64512,0.08633,0.34411,2.58755,2.3877,2.00117
<10,16,9.2825,10.96,0.66607,0.09225,0.36027,2.68485,2.48056,2.06007
<10,17,9.45,11.17,0.68699,0.09785,0.37622,2.78283,2.57443,2.11878
<10,18,9.61667,11.37,0.70795,0.10329,0.39209,2.88157,2.6685,2.17735
<10,19,9.77577,11.57,0.7285,0.10881,0.4076,2.98115,2.76308,2.23478
<10,20,9.93375,11.76,0.74894,0.11419,0.42277,3.08064,2.8593,2.29049
<10,21,10.09143,11.96,0.76953,0.11924,0.4379,3.18354,2.95501,2.3467
<10,22,10.24495,12.15,0.79002,0.12406,0.453,3.28741,3.05469,2.4017
<10,23,10.3975,12.34,0.8108,0.12873,0.46804,3.39408,3.15724,2.45588
<10,24,10.54875,12.53,0.8318,0.13332,0.48304,3.50234,3.26119,2.51089
<10,25,10.695,12.71,0.85297,0.13782,0.49824,3.61493,3.36698,2.56553
<10,26,10.84143,12.9,0.8738,0.14245,0.51324,3.72919,3.47566,2.62096
<10,27,10.9875,13.09,0.8952,0.14718,0.52775,3.84439,3.58828,2.67569
<10,28,11.136,13.27,0.91667,0.15196,0.54264,3.96397,3.70332,2.73042
<10,29,11.28167,13.46,0.93882,0.15671,0.55767,4.08726,3.82094,2.7866
<10,30,11.42625,13.65,0.96084,0.16128,0.57275,4.2138,3.94225,2.84144
<10,31,11.57143,13.84,0.98266,0.16603,0.58771,4.34376,4.06914,2.89725
<10,32,11.71769,14.02,1.00468,0.17058,0.60336,4.47689,4.19917,2.95221
<10,33,11.86417,14.2,1.02749,0.1751,0.61853,4.61339,4.33177,3.00917
<10,34,12.01,14.39,1.05077,0.17948,0.6343,4.75597,4.46959,3.06565
<10,35,12.15667,14.58,1.07463,0.18382,0.65087,4.90475,4.61314,3.12245
<10,36,12.30286,14.77,1.09872,0.18788,0.66732,5.05421,4.76107,3.17962
<10,37,12.45,14.96,1.12304,0.19187,0.68372,5.21078,4.91591,3.23732
<10,38,12.6,15.14,1.14826,0.1957,0.70022,5.37204,5.07224,3.29704
<10,39,12.75,15.34,1.17394,0.1992,0.7174,5.53798,5.2333,3.35545
<10,40,12.89857,15.53,1.20035,0.20265,0.73436,5.70844,5.4007,3.4171
<10,41,13.04972,15.73,1.22704,0.20597,0.75169,5.88563,5.57715,3.47922
<10,42,13.20111,15.92,1.25426,0.20898,0.76955,6.0654,5.75703,3.543
<10,43,13.35429,16.13,1.28235,0.21199,0.78744,6.25349,5.9425,3.60612
<10,44,13.50667,16.33,1.31151,0.21508,0.80588,6.44623,6.13472,3.67111
<10,45,13.66368,16.54,1.34131,0.21858,0.82471,6.64442,6.33487,3.73697
<10,46,13.8275,16.75,1.37123,0.22234,0.84404,6.84995,6.54282,3.80437
<10,47,13.98727,16.97,1.40237,0.22608,0.86411,7.06026,6.75563,3.87378
<10,48,14.148,17.19,1.43396,0.22943,0.88336,7.27473,6.97337,3.9441
<10,49,14.31143,17.41,1.46662,0.23285,0.90392,7.49674,7.19959,4.01755
<10,50,14.47727,17.64,1.50081,0.23716,0.92493,7.72828,7.43511,4.08999
<10,51,14.64571,17.87,1.53605,0.24167,0.94727,7.96573,7.68007,4.16451
<10,52,14.815,18.1,1.57205,0.24654,0.96975,8.20758,7.92588,4.24096
<10,53,14.9925,18.34,1.60871,0.25221,0.99323,8.45735,8.17893,4.31962
<10,54,15.175,18.58,1.64675,0.25852,1.01795,8.71183,8.4398,4.40047
<10,55,15.35667,18.83,1.68762,0.2658,1.04304,8.97022,8.70511,4.48303
<10,56,15.54,19.09,1.72827,0.27312,1.07011,9.23376,8.9798,4.5656
<10,57,15.73125,19.35,1.77009,0.28046,1.09729,9.50866,9.25895,4.65123
<10,58,15.92333,19.62,1.81391,0.28712,1.12579,9.78618,9.54736,4.74008
<10,59,16.11833,19.89,1.85979,0.29442,1.15624,10.0694,9.83718,4.83093
<10,60,16.3162,20.17,1.90725,0.30325,1.18785,10.3559,10.13252,4.92541
<10,61,16.5175,20.46,1.9567,0.32541,1.22206,10.64909,10.4366,5.02405
<10,62,16.73,20.75,2.00809,0.35557,1.25844,10.94717,10.74575,5.12672
<10,63,16.9425,21.06,2.06238,0.38668,1.29687,11.24827,11.0564,5.23175
<10,64,17.16,21.36,2.1195,0.42489,1.33949,11.55887,11.37591,5.3413
<10,65,17.38222,21.67,2.17679,0.47461,1.38604,11.87767,11.7016,5.45216
<10,66,17.61438,22.01,2.2386,0.51732,1.43776,12.20399,12.03409,5.56853
<10,67,17.85625,22.34,2.30102,0.57904,1.49573,12.52429,12.37331,5.68902
<10,68,18.10091,22.69,2.36783,0.63803,1.55943,12.85437,12.70978,5.81046
<10,69,18.35444,23.05,2.43896,0.69513,1.63375,13.192,13.05333,5.94032
<10,70,18.61252,23.43,2.51262,0.74869,1.72193,13.53192,13.4018,6.07228
<10,71,18.88143,23.82,2.59162,0.79886,1.82696,13.87845,13.75489,6.21365
<10,72,19.1625,24.23,2.67429,0.84586,1.96008,14.23136,14.11533,6.36207
<10,73,19.45542,24.65,2.76254,0.8884,2.13385,14.58601,14.47678,6.51378
<10,74,19.76107,25.1,2.85541,0.92722,2.37484,14.94559,14.8432,6.6758
<10,75,20.07,25.56,2.95319,0.96383,2.67921,15.31182,15.21584,6.84268
<10,76,20.39222,26.05,3.05745,0.9993,3.01696,15.69245,15.6017,7.02282
<10,77,20.72909,26.57,3.16851,1.03372,3.35878,16.0862,15.99937,7.20767
<10,78,21.08,27.12,3.28597,1.06694,3.60219,16.47961,16.39998,7.40195
<10,79,21.44889,27.68,3.41424,1.09942,3.91658,16.89279,16.81706,7.60787
<10,80,21.8425,28.27,3.5488,1.13355,4.41196,17.31145,17.24169,7.82834
<10,81,22.25375,28.89,3.69102,1.16985,4.95368,17.74299,17.67674,8.06798
<10,82,22.68568,29.56,3.85202,1.20586,5.40323,18.17525,18.11322,8.32136
<10,83,23.15714,30.26,4.01868,1.24173,5.76077,18.63089,18.57221,8.59828
<10,84,23.65635,31.02,4.20237,1.27627,6.0331,19.09228,19.0381,8.88933
<10,85,24.17891,31.83,4.40319,1.30945,6.30481,19.56903,19.51466,9.2081
<10,86,24.75339,32.72,4.62599,1.34287,6.74107,20.06681,20.01795,9.55029
<10,87,25.37629,33.67,4.87113,1.37826,7.26979,20.58649,20.5368,9.92406
<10,88,26.05299,34.69,5.13458,1.41364,7.72964,21.13432,21.08698,10.33437
<10,89,26.78819,35.82,5.43128,1.44843,8.06407,21.7093,21.66083,10.78601
<10,90,27.61167,37.11,5.76529,1.48281,8.29191,22.32478,22.27922,11.28856
<10,91,28.50898,38.53,6.1325,1.5146,8.761,22.97726,22.93715,11.85367
<10,92,29.51498,40.1,6.56138,1.54723,9.62266,23.69069,23.64916,12.50424
<10,93,30.6867,41.92,7.05017,1.57951,10.04105,24.47327,24.42995,13.26334
<10,94,32.07605,44.03,7.63281,1.61335,10.31305,25.34457,25.30046,14.17792
<10,95,33.76625,46.47,8.34593,1.64988,10.84201,26.33962,26.29639,15.27166
<10,96,35.9,49.59,9.25783,1.68798,12.51969,27.54767,27.49543,16.70419
<10,97,38.67867,53.67,10.47433,1.73001,14.01043,29.05026,28.99132,18.59561
<10,98,42.73216,59.52,12.25845,1.78031,14.92583,31.17051,31.10512,21.39138
<10,99,49.97658,70.4,15.55827,1.84611,19.96582,35.13386,35.03857,26.49281
10-20,1,6.37167,7.55,0.20881,0.00563,0.04534,1.74307,1.65549,1.61223
10-20,2,7.27,8.58,0.28656,0.0132,0.08139,2.03957,1.94391,1.86086
10-20,3,7.90375,9.27,0.34678,0.01918,0.11294,2.2599,2.15893,2.03369
10-20,4,8.3925,9.85,0.39749,0.02422,0.14071,2.44716,2.34035,2.17536
10-20,5,8.81222,10.34,0.44166,0.0296,0.1668,2.61342,2.50172,2.2987
10-20,6,9.184,10.77,0.48255,0.03535,0.19031,2.76709,2.65308,2.41038
10-20,7,9.52143,11.18,0.52081,0.04143,0.21287,2.91297,2.79498,2.51628
10-20,8,9.84414,11.55,0.55675,0.04688,0.2341,3.0502,2.93102,2.61383
10-20,9,10.14571,11.91,0.59031,0.05194,0.25463,3.18455,3.0602,2.70611
10-20,10,10.42818,12.25,0.6233,0.05722,0.27417,3.3148,3.18654,2.79452
10-20,11,10.698,12.57,0.65438,0.06274,0.293,3.44028,3.31074,2.88137
10-20,12,10.96,12.88,0.68491,0.06839,0.31131,3.56588,3.43214,2.96379
10-20,13,11.215,13.19,0.71409,0.07407,0.3295,3.68902,3.55299,3.04513
10-20,14,11.45625,13.48,0.7429,0.08011,0.34695,3.81128,3.67279,3.12546
10-20,15,11.695,13.76,0.77137,0.08608,0.36406,3.93193,3.79244,3.20416
10-20,16,11.92667,14.03,0.79928,0.09212,0.38102,4.0533,3.91125,3.28128
10-20,17,12.155,14.3,0.82652,0.09804,0.39799,4.17399,4.02929,3.35798
10-20,18,12.38,14.56,0.85333,0.10356,0.41444,4.29629,4.14828,3.43215
10-20,19,12.59786,14.82,0.88062,0.10922,0.43079,4.42014,4.26917,3.50539
10-20,20,12.815,15.08,0.90755,0.11478,0.44656,4.54256,4.38932,3.57904
10-20,21,13.03,15.33,0.9342,0.1201,0.46237,4.66631,4.51119,3.65203
10-20,22,13.2375,15.58,0.96084,0.12521,0.4784,4.79217,4.63497,3.72463
10-20,23,13.44625,15.83,0.98711,0.13001,0.49413,4.92131,4.75939,3.79657
10-20,24,13.64875,16.08,1.01364,0.13463,0.50981,5.05244,4.88669,3.86945
10-20,25,13.8525,16.33,1.04,0.13933,0.52568,5.18437,5.01434,3.94128
10-20,26,14.05389,16.57,1.0665,0.14403,0.54159,5.31677,5.1446,4.01379
10-20,27,14.25222,16.82,1.09321,0.14878,0.55747,5.45307,5.27806,4.08507
10-20,28,14.45273,17.06,1.1202,0.15344,0.57331,5.59054,5.41492,4.15743
10-20,29,14.65375,17.3,1.14693,0.15809,0.58936,5.73248,5.55216,4.22982
10-20,30,14.85167,17.55,1.17448,0.1628,0.60538,5.87789,5.69268,4.30378
10-20,31,15.04875,17.79,1.20196,0.16745,0.62124,6.02518,5.83617,4.37791
10-20,32,15.25125,18.03,1.2297,0.17208,0.63768,6.17323,5.98456,4.45226
10-20,33,15.4475,18.27,1.25807,0.17661,0.65438,6.32461,6.13214,4.52787
10-20,34,15.646,18.51,1.28727,0.18102,0.67131,6.48165,6.28633,4.6029
10-20,35,15.84375,18.76,1.31604,0.18533,0.68851,6.64336,6.44308,4.68016
10-20,36,16.04,19.0,1.34552,0.1895,0.70572,6.80645,6.60684,4.75773
10-20,37,16.24,19.25,1.37486,0.19353,0.72275,6.97464,6.77117,4.83504
10-20,38,16.44167,19.5,1.40495,0.19731,0.74067,7.14548,6.93959,4.91493
10-20,39,16.64143,19.75,1.43606,0.20091,0.75838,7.32402,7.11207,4.99576
10-20,40,16.842,20.0,1.4671,0.20424,0.77625,7.50378,7.2925,5.07812
10-20,41,17.04625,20.2546,1.49843,0.20739,0.79497,7.68937,7.47501,5.16272
10-20,42,17.25,20.51,1.53106,0.21037,0.81409,7.87996,7.66345,5.24535
10-20,43,17.45889,20.77,1.56365,0.21352,0.83332,8.07566,7.85554,5.32992
10-20,44,17.66222,21.03,1.59742,0.21672,0.8531,8.2742,8.0537,5.41756
10-20,45,17.86906,21.3,1.63244,0.22048,0.87316,8.47635,8.25446,5.5054
10-20,46,18.07875,21.56,1.66724,0.22426,0.89341,8.68752,8.46164,5.59474
10-20,47,18.29125,21.83,1.70337,0.22779,0.91467,8.89914,8.67524,5.6854
10-20,48,18.50429,22.11,1.74045,0.23094,0.93612,9.11864,8.89269,5.77901
10-20,49,18.71875,22.38,1.77892,0.23489,0.95788,9.34373,9.11532,5.87403
10-20,50,18.94,22.67,1.81823,0.23947,0.98027,9.57265,9.34491,5.97422
10-20,51,19.162,22.96,1.85877,0.24418,1.00361,9.80462,9.58098,6.07362
10-20,52,19.39111,23.25,1.8996,0.24956,1.02804,10.04364,9.8216,6.17352
10-20,53,19.61571,23.55,1.94214,0.25582,1.05312,10.2869,10.0682,6.27662
10-20,54,19.84818,23.86,1.98658,0.26289,1.07925,10.53482,10.31922,6.38168
10-20,55,20.08091,24.17,2.0324,0.27022,1.10608,10.78681,10.57327,6.49009
10-20,56,20.3175,24.49,2.07912,0.27774,1.13438,11.04291,10.83186,6.60257
10-20,57,20.56444,24.82,2.12713,0.2846,1.16396,11.30406,11.10125,6.71825
10-20,58,20.814,25.15,2.17816,0.29133,1.1946,11.5727,11.36754,6.83543
10-20,59,21.06087,25.48,2.23161,0.29996,1.22695,11.84406,11.64318,6.95631
10-20,60,21.31679,25.83,2.28657,0.31496,1.26099,12.12058,11.92444,7.08099
10-20,61,21.58044,26.19,2.3431,0.34379,1.29826,12.40189,12.20909,7.2106
10-20,62,21.84875,26.56,2.40252,0.37494,1.3381,12.685,12.49794,7.34201
10-20,63,22.12,26.93,2.4642,0.40868,1.38096,12.97241,12.78982,7.47608
10-20,64,22.3925,27.32,2.52805,0.45594,1.4279,13.26364,13.08745,7.61739
10-20,65,22.68363,27.71,2.59508,0.50199,1.47895,13.56118,13.39022,7.76548
10-20,66,22.97636,28.13,2.66619,0.55192,1.53601,13.86539,13.70007,7.91819
10-20,67,23.28301,28.55,2.73973,0.60915,1.60172,14.17225,14.01271,8.0755
10-20,68,23.59833,29.0,2.81897,0.66395,1.67668,14.48237,14.32764,8.24029
10-20,69,23.925,29.44,2.90047,0.71568,1.76324,14.80359,14.64942,8.40738
10-20,70,24.255,29.91,2.98661,0.76538,1.86735,15.1275,14.97869,8.58637
10-20,71,24.59333,30.39,3.07586,0.81165,1.99372,15.45367,15.31317,8.7713
10-20,72,24.9475,30.89,3.17235,0.85528,2.15534,15.78981,15.64796,8.96233
10-20,73,25.31395,31.41,3.27356,0.89452,2.3626,16.13254,15.99607,9.16456
10-20,74,25.69333,31.94,3.37909,0.93185,2.62608,16.47735,16.34591,9.37127
10-20,75,26.08556,32.5,3.49223,0.96725,2.94009,16.82716,16.70478,9.58708
10-20,76,26.4937,33.09,3.61324,1.00171,3.25182,17.18638,17.06851,9.81923
10-20,77,26.93103,33.7,3.74012,1.03482,3.51836,17.55653,17.43892,10.05945
10-20,78,27.38833,34.34,3.8774,1.06705,3.7365,17.93323,17.82054,10.31472
10-20,79,27.86125,35.02,4.02223,1.09863,4.16138,18.31677,18.20885,10.58392
10-20,80,28.36125,35.73,4.17939,1.13073,4.66403,18.71206,18.60784,10.86976
10-20,81,28.89072,36.48,4.34576,1.16558,5.17486,19.11886,19.02009,11.17537
10-20,82,29.43623,37.28,4.52745,1.20072,5.56959,19.53555,19.44181,11.50008
10-20,83,30.02125,38.12,4.7201,1.23598,5.88227,19.96839,19.87425,11.84777
10-20,84,30.64,39.0,4.93009,1.27026,6.12967,20.41985,20.32821,12.21805
10-20,85,31.31571,39.96,5.15827,1.30301,6.44202,20.88693,20.79613,12.61768
10-20,86,32.035,40.97,5.40916,1.33511,6.89018,21.37586,21.28858,13.05322
10-20,87,32.79889,42.07,5.68001,1.37002,7.40191,21.88893,21.80482,13.52229
10-20,88,33.62875,43.26,5.98276,1.40539,7.81149,22.42846,22.34643,14.0404
10-20,89,34.555,44.54,6.31334,1.44082,8.09499,23.00632,22.92724,14.61646
10-20,90,35.574,45.97,6.6886,1.47552,8.30691,23.62818,23.54746,15.26732
10-20,91,36.691,47.6,7.10098,1.50797,8.80268,24.28332,24.20892,15.97277
10-20,92,37.98691,49.36,7.57138,1.54062,9.60153,25.00394,24.92733,16.79756
10-20,93,39.48,51.4,8.12915,1.57349,10.01709,25.80886,25.72616,17.74818
10-20,94,41.18,53.7764,8.76985,1.60795,10.29832,26.70103,26.61765,18.87222
10-20,95,43.22,56.55,9.54717,1.64445,10.82888,27.75563,27.66723,20.22633
10-20,96,45.78,59.88,10.50905,1.68287,12.41541,29.03696,28.9534,21.91407
10-20,97,49.09556,64.25,11.7564,1.72561,13.92872,30.64116,30.54997,24.13666
10-20,98,53.84,70.31,13.58244,1.77731,14.92839,32.89489,32.78957,27.48013
10-20,99,62.43888,80.67,16.77507,1.84509,19.94175,36.90149,36.77555,33.40396
20-30,1,7.125,8.36,0.20634,0.00541,0.04568,2.12817,2.07244,1.941
20-30,2,8.3,9.65,0.28165,0.01295,0.08264,2.53778,2.4724,2.28257
20-30,3,9.07748,10.56,0.34174,0.01903,0.11386,2.82553,2.75666,2.52473
20-30,4,9.7,11.3,0.39287,0.02408,0.1421,3.06354,2.9931,2.71671
20-30,5,10.2325,11.91,0.44072,0.02936,0.16865,3.27053,3.19723,2.87985
20-30,6,10.71,12.45,0.4852,0.03521,0.19288,3.45864,3.38446,3.02638
20-30,7,11.12793,12.94,0.52691,0.04139,0.21569,3.6307,3.5572,3.15959
20-30,8,11.515,13.39,0.56658,0.04688,0.23756,3.79529,3.71919,3.28452
20-30,9,11.87857,13.81,0.60443,0.05206,0.25802,3.95315,3.87472,3.40049
20-30,10,12.22167,14.21,0.64136,0.05747,0.27857,4.10667,4.02608,3.51229
20-30,11,12.54727,14.58,0.67806,0.06305,0.29823,4.2541,4.17213,3.6189
20-30,12,12.856,14.95,0.71372,0.0688,0.31768,4.3994,4.31537,3.72305
20-30,13,13.15695,15.29,0.74825,0.07467,0.33662,4.54328,4.45636,3.82302
20-30,14,13.445,15.63,0.78234,0.08072,0.35489,4.68392,4.59638,3.92046
20-30,15,13.7256,15.96,0.81573,0.08673,0.37248,4.82584,4.73733,4.01746
20-30,16,13.998,16.28,0.84879,0.09296,0.39001,4.96501,4.87624,4.11177
20-30,17,14.264,16.6,0.88094,0.09888,0.40759,5.10686,5.01574,4.20557
20-30,18,14.5275,16.91,0.9128,0.10451,0.4245,5.24726,5.15458,4.2961
20-30,19,14.7875,17.21,0.94474,0.11028,0.44126,5.38643,5.29295,4.38677
20-30,20,15.04167,17.51,0.97636,0.11593,0.45795,5.52531,5.43045,4.47829
20-30,21,15.29,17.8,1.0076,0.12127,0.4745,5.66694,5.56953,4.56651
20-30,22,15.53556,18.09,1.03864,0.12639,0.49111,5.81021,5.70911,4.65667
20-30,23,15.78222,18.38,1.06927,0.13132,0.50715,5.95177,5.8503,4.74514
20-30,24,16.02094,18.67,1.09993,0.13609,0.52329,6.09644,5.99479,4.83356
20-30,25,16.26,18.95,1.1308,0.14078,0.53971,6.24282,6.13925,4.92384
20-30,26,16.5,19.24,1.16196,0.14552,0.55591,6.39163,6.28459,5.01219
20-30,27,16.73889,19.52,1.19268,0.15041,0.57196,6.54103,6.43134,5.10178
20-30,28,16.97364,19.8,1.22312,0.15521,0.58833,6.69079,6.58219,5.19184
20-30,29,17.20667,20.08,1.25355,0.15999,0.60476,6.8447,6.73224,5.2843
20-30,30,17.43667,20.36,1.28473,0.16466,0.62173,7.00045,6.88619,5.37531
20-30,31,17.67,20.64,1.31597,0.16938,0.63873,7.15964,7.04308,5.46744
20-30,32,17.9025,20.92,1.34767,0.17402,0.65611,7.32179,7.20246,5.55844
20-30,33,18.13,21.21,1.3789,0.17857,0.67388,7.48269,7.36647,5.65126
20-30,34,18.36692,21.49,1.41058,0.18307,0.69163,7.64851,7.5297,5.74745
20-30,35,18.6,21.78,1.44254,0.18733,0.70949,7.81518,7.69637,5.8417
20-30,36,18.83556,22.06,1.47546,0.19144,0.72737,7.98939,7.86398,5.93685
20-30,37,19.06714,22.35,1.50802,0.19537,0.74582,8.16762,8.03788,6.03375
20-30,38,19.305,22.64,1.54195,0.19915,0.76363,8.34657,8.21666,6.13021
20-30,39,19.545,22.94,1.57563,0.20278,0.78232,8.52845,8.39646,6.22788
20-30,40,19.78667,23.23,1.60964,0.2061,0.80157,8.71449,8.57824,6.32883
20-30,41,20.02667,23.53,1.64415,0.20925,0.82075,8.90388,8.76736,6.4318
20-30,42,20.2675,23.83,1.67895,0.21234,0.84032,9.09515,8.95551,6.53468
20-30,43,20.51,24.13,1.71457,0.21553,0.86034,9.29054,9.14727,6.63949
20-30,44,20.75875,24.44,1.75111,0.21925,0.88042,9.48688,9.34483,6.74632
20-30,45,21.01111,24.75,1.78813,0.22309,0.90129,9.68789,9.54772,6.85536
20-30,46,21.26143,25.06,1.82548,0.22688,0.92225,9.8958,9.75166,6.96594
20-30,47,21.515,25.37,1.86344,0.23015,0.94432,10.10786,9.96111,7.07663
20-30,48,21.77195,25.69,1.90295,0.23414,0.96712,10.32039,10.17534,7.1894
20-30,49,22.03222,26.02,1.94272,0.23864,0.99009,10.54005,10.39106,7.30655
20-30,50,22.29667,26.35,1.98466,0.24343,1.01353,10.76309,10.61187,7.42438
20-30,51,22.55795,26.68,2.02686,0.2487,1.0374,10.99155,10.84012,7.54491
20-30,52,22.82444,27.03,2.06957,0.2547,1.06265,11.22041,11.06913,7.66874
20-30,53,23.10299,27.37,2.11463,0.26154,1.08884,11.45417,11.30319,7.79589
20-30,54,23.385,27.73,2.1604,0.26901,1.11613,11.69326,11.54367,7.9263
20-30,55,23.66667,28.09,2.20666,0.27653,1.14471,11.93748,11.7875,8.05979
20-30,56,23.95727,28.46,2.25529,0.28352,1.17427,12.18795,12.03724,8.19713
20-30,57,24.24636,28.83,2.30616,0.29029,1.20553,12.4413,12.28808,8.33657
20-30,58,24.54573,29.21,2.35728,0.29866,1.23832,12.70012,12.54943,8.48179
20-30,59,24.8475,29.61,2.41101,0.3109,1.27338,12.96566,12.81468,8.62959
20-30,60,25.15571,30.0,2.46695,0.33977,1.31041,13.23196,13.08159,8.78121
20-30,61,25.46601,30.41,2.52471,0.37057,1.35123,13.50273,13.35396,8.93761
20-30,62,25.78714,30.82,2.58421,0.40205,1.39369,13.78078,13.63276,9.0953
20-30,63,26.11759,31.25,2.64673,0.44767,1.43928,14.05943,13.9166,9.25886
20-30,64,26.45199,31.69,2.7104,0.49527,1.48836,14.3489,14.20581,9.42668
20-30,65,26.7925,32.13,2.7791,0.54144,1.54335,14.6388,14.50231,9.59827
20-30,66,27.1425,32.6,2.84914,0.59812,1.60502,14.93544,14.79677,9.78033
20-30,67,27.49375,33.07,2.92249,0.65089,1.67604,15.23414,15.09976,9.97046
20-30,68,27.865,33.55,2.9997,0.70149,1.75642,15.54028,15.41078,10.16798
20-30,69,28.24365,34.06,3.08132,0.74888,1.85051,15.85222,15.72568,10.36583
20-30,70,28.6325,34.57,3.16789,0.79349,1.96235,16.17226,16.04905,10.57476
20-30,71,29.04,35.1,3.25569,0.83596,2.1042,16.49513,16.37697,10.79002
20-30,72,29.47,35.66,3.35147,0.87627,2.28339,16.82996,16.71154,11.01908
20-30,73,29.9085,36.23,3.45162,0.91363,2.50548,17.16782,17.05231,11.25045
20-30,74,30.358,36.83,3.55773,0.94868,2.77581,17.51586,17.40273,11.49799
20-30,75,30.82636,37.45,3.66968,0.98229,3.05373,17.87698,17.76335,11.75521
20-30,76,31.31429,38.12,3.7894,1.01531,3.36363,18.24448,18.13244,12.01609
20-30,77,31.82097,38.8,3.91829,1.04723,3.59082,18.62092,18.51075,12.30128
20-30,78,32.3325,39.51,4.05279,1.07762,3.84818,19.00702,18.90059,12.60086
20-30,79,32.88437,40.25,4.19441,1.1088,4.29358,19.39776,19.29622,12.92108
20-30,80,33.45859,41.03,4.34844,1.14079,4.79348,19.80727,19.70571,13.25286
20-30,81,34.06625,41.85,4.51553,1.17405,5.26026,20.22443,20.12271,13.60411
20-30,82,34.69882,42.69,4.69384,1.20751,5.62843,20.65092,20.55103,13.98026
20-30,83,35.38203,43.59,4.88549,1.24129,5.92914,21.09943,21.0035,14.3892
20-30,84,36.11571,44.55,5.09225,1.27435,6.17249,21.56183,21.46208,14.82263
20-30,85,36.89132,45.56,5.31938,1.30582,6.53325,22.04997,21.95156,15.28555
20-30,86,37.71168,46.65,5.56666,1.33805,6.98935,22.55816,22.46643,15.78316
20-30,87,38.60444,47.83,5.83939,1.3721,7.48752,23.09152,23.00556,16.32918
20-30,88,39.58857,49.09,6.13182,1.40615,7.85061,23.65839,23.57304,16.92958
20-30,89,40.64,50.44,6.46241,1.43998,8.11578,24.25962,24.17473,17.5772
20-30,90,41.80655,51.96,6.83425,1.47431,8.3429,24.91705,24.82881,18.30307
20-30,91,43.12,53.64,7.24525,1.50683,8.92602,25.61397,25.52955,19.13272
20-30,92,44.61493,55.52,7.72069,1.53905,9.69099,26.37809,26.29389,20.09424
20-30,93,46.29118,57.63,8.26411,1.57212,10.0557,27.22693,27.14993,21.17655
20-30,94,48.25805,60.07,8.91244,1.60639,10.3353,28.19495,28.11212,22.45285
20-30,95,50.58867,62.96,9.67177,1.64254,10.94462,29.31188,29.22839,23.97593
20-30,96,53.52363,66.63,10.61765,1.68124,12.66826,30.67381,30.58312,25.88816
20-30,97,57.35125,71.33,11.84653,1.72416,13.97442,32.43525,32.34138,28.44656
20-30,98,63.13667,77.91,13.59277,1.77658,14.95703,34.96616,34.86188,32.22259
20-30,99,73.4606,89.4836,16.76151,1.84459,19.93126,39.64982,39.52696,39.11388
30-40,1,7.58201,8.82,0.18443,0.0049,0.04805,2.37697,2.33694,2.20732
30-40,2,8.935,10.41,0.26412,0.01234,0.08627,2.8594,2.81277,2.60493
30-40,3,9.88419,11.5,0.32847,0.01842,0.11836,3.20632,3.15835,2.89048
30-40,4,10.65,12.35,0.38438,0.02354,0.14765,3.49424,3.44449,3.1236
30-40,5,11.30286,13.08,0.43523,0.02883,0.17454,3.74343,3.69487,3.32716
30-40,6,11.864,13.73,0.48276,0.03456,0.19952,3.97238,3.92255,3.50795
30-40,7,12.3825,14.31,0.52809,0.04064,0.2233,4.18349,4.13389,3.67233
30-40,8,12.85525,14.85,0.57068,0.04616,0.24568,4.38098,4.33053,3.82709
30-40,9,13.2925,15.34,0.61142,0.0513,0.26782,4.56578,4.51498,3.9736
30-40,10,13.7044,15.8,0.6509,0.05664,0.28816,4.74252,4.69306,4.11318
30-40,11,14.0925,16.24,0.68996,0.06221,0.30853,4.91453,4.8662,4.24758
30-40,12,14.46667,16.67,0.72744,0.06795,0.32811,5.08183,5.03364,4.37532
30-40,13,14.82125,17.08,0.76439,0.07391,0.34764,5.24798,5.19928,4.5001
30-40,14,15.15667,17.48,0.80108,0.07999,0.3663,5.41192,5.36411,4.61765
30-40,15,15.48751,17.86,0.837,0.0861,0.38469,5.572,5.52334,4.73374
30-40,16,15.80571,18.24,0.8724,0.09221,0.40282,5.73048,5.68273,4.84847
30-40,17,16.12625,18.61,0.90741,0.09807,0.42045,5.88798,5.84042,4.96078
30-40,18,16.43667,18.97,0.9427,0.10373,0.43817,6.04496,5.99777,5.07333
30-40,19,16.73875,19.33,0.97736,0.10949,0.45561,6.20084,6.1546,5.18313
30-40,20,17.035,19.68,1.01165,0.11515,0.47278,6.35596,6.30925,5.29448
30-40,21,17.3325,20.02,1.04539,0.12053,0.48967,6.51091,6.46501,5.40265
30-40,22,17.62375,20.37,1.07951,0.1256,0.50673,6.66714,6.62142,5.51152
30-40,23,17.915,20.71,1.11361,0.13043,0.5232,6.82541,6.77618,5.62056
30-40,24,18.2,21.04,1.14764,0.1352,0.53999,6.9826,6.93526,5.72912
30-40,25,18.48625,21.38,1.1817,0.13983,0.55687,7.1406,7.09469,5.83454
30-40,26,18.76667,21.7,1.21603,0.14455,0.57367,7.29933,7.25088,5.9409
30-40,27,19.04778,22.03,1.25,0.14928,0.59075,7.45874,7.41146,6.04827
30-40,28,19.32444,22.37,1.28392,0.15417,0.60781,7.61936,7.57217,6.15629
30-40,29,19.602,22.69,1.31846,0.15888,0.62467,7.78169,7.73425,6.26507
30-40,30,19.8775,23.02,1.35241,0.16363,0.64207,7.94594,7.89762,6.3727
30-40,31,20.14714,23.34,1.38671,0.16837,0.66008,8.11185,8.06351,6.48163
30-40,32,20.42125,23.67,1.42165,0.17306,0.67814,8.28021,8.22967,6.59115
30-40,33,20.69714,23.99,1.45638,0.17758,0.6964,8.44967,8.39965,6.70033
30-40,34,20.97125,24.31,1.49113,0.18203,0.71468,8.62406,8.56983,6.8125
30-40,35,21.24808,24.64,1.52623,0.18635,0.7331,8.79936,8.74229,6.92359
30-40,36,21.526,24.96,1.56197,0.19056,0.7518,8.97616,8.91833,7.03603
30-40,37,21.8032,25.29,1.59841,0.19456,0.77061,9.15615,9.09615,7.1487
30-40,38,22.075,25.61,1.63521,0.19841,0.78982,9.33881,9.27676,7.26436
30-40,39,22.35375,25.95,1.67199,0.20203,0.8093,9.52418,9.46116,7.38159
30-40,40,22.62889,26.27,1.70906,0.2054,0.82905,9.71241,9.64634,7.49998
30-40,41,22.91,26.6,1.74671,0.20863,0.84903,9.90353,9.83518,7.61898
30-40,42,23.19143,26.94,1.78509,0.21176,0.86945,10.0947,10.02709,7.74177
30-40,43,23.47444,27.27,1.82408,0.21503,0.89026,10.29347,10.22189,7.86422
30-40,44,23.75714,27.62,1.86374,0.21864,0.91179,10.49384,10.4192,7.98854
30-40,45,24.04,27.97,1.90403,0.22251,0.93331,10.69964,10.62194,8.11384
30-40,46,24.326,28.32,1.94502,0.22632,0.95592,10.9099,10.82994,8.24307
30-40,47,24.61375,28.68,1.98615,0.22971,0.97872,11.12374,11.04197,8.3742
30-40,48,24.90143,29.04,2.02809,0.2335,1.00228,11.33768,11.25583,8.50587
30-40,49,25.19286,29.41,2.07109,0.23799,1.02643,11.55547,11.47399,8.64286
30-40,50,25.488,29.77,2.11473,0.24275,1.05147,11.77856,11.69385,8.77973
30-40,51,25.78722,30.14,2.15946,0.24789,1.07706,12.00701,11.92178,8.9192
30-40,52,26.08857,30.53,2.20566,0.25402,1.10375,12.24152,12.15378,9.06232
30-40,53,26.39667,30.92,2.25246,0.26087,1.1315,12.47821,12.38662,9.21012
30-40,54,26.715,31.31,2.30172,0.26857,1.16037,12.71811,12.6247,9.36122
30-40,55,27.03414,31.71,2.35097,0.2762,1.19049,12.96403,12.86786,9.51587
30-40,56,27.36111,32.12,2.40233,0.28338,1.22198,13.21329,13.11489,9.67375
30-40,57,27.69375,32.53,2.45573,0.29046,1.25537,13.46636,13.36994,9.83533
30-40,58,28.03,32.96,2.5097,0.29912,1.29038,13.72208,13.6257,9.99868
30-40,59,28.37084,33.39,2.56651,0.31311,1.3277,13.98541,13.88552,10.16928
30-40,60,28.71857,33.83,2.62511,0.34283,1.36808,14.25159,14.15226,10.34426
30-40,61,29.07625,34.27,2.68609,0.37397,1.41047,14.52283,14.42242,10.52318
30-40,62,29.43667,34.73,2.748,0.40811,1.45663,14.80017,14.69759,10.70507
30-40,63,29.81,35.2,2.81332,0.45442,1.50759,15.07972,14.97742,10.89662
30-40,64,30.18833,35.68,2.88106,0.50009,1.56286,15.36395,15.26304,11.09479
30-40,65,30.57,36.17,2.95071,0.54715,1.62458,15.65494,15.55223,11.29639
30-40,66,30.96667,36.68,3.02463,0.60032,1.69306,15.95265,15.85204,11.50488
30-40,67,31.375,37.2,3.10078,0.65122,1.77098,16.25932,16.15689,11.72301
30-40,68,31.79125,37.73,3.18144,0.69917,1.85879,16.56958,16.46952,11.95049
30-40,69,32.2225,38.28,3.2661,0.7444,1.96525,16.88607,16.78732,12.18222
30-40,70,32.66,38.85,3.35499,0.78713,2.09119,17.20884,17.11109,12.4209
30-40,71,33.11545,39.44,3.44744,0.8281,2.24451,17.54067,17.44154,12.67314
30-40,72,33.58222,40.05,3.54346,0.86691,2.42927,17.879,17.77813,12.93178
30-40,73,34.068,40.69,3.64669,0.90303,2.65364,18.22672,18.12825,13.20465
30-40,74,34.5686,41.35,3.75604,0.93763,2.91813,18.5779,18.48386,13.48407
30-40,75,35.08729,42.03,3.87082,0.97073,3.18277,18.94407,18.84955,13.77959
30-40,76,35.63778,42.73,3.98962,1.00228,3.45081,19.31435,19.22051,14.08966
30-40,77,36.20411,43.47,4.11979,1.03337,3.65996,19.69771,19.60225,14.41428
30-40,78,36.795,44.25,4.25736,1.06411,3.96634,20.08862,19.99465,14.75996
30-40,79,37.41222,45.06,4.40713,1.09418,4.41462,20.49577,20.39992,15.11796
30-40,80,38.06667,45.9,4.56718,1.12514,4.9154,20.91416,20.81808,15.4972
30-40,81,38.7475,46.78,4.74128,1.1578,5.3369,21.34977,21.25584,15.9019
30-40,82,39.47,47.72,4.92881,1.19162,5.68821,21.79253,21.70445,16.3324
30-40,83,40.2375,48.72,5.12631,1.22537,5.97529,22.2491,22.16168,16.78786
30-40,84,41.056,49.77,5.3418,1.25914,6.22122,22.73441,22.64267,17.28201
30-40,85,41.9325,50.89,5.57805,1.29173,6.60208,23.23817,23.14747,17.80887
30-40,86,42.86,52.1,5.83004,1.32399,7.05141,23.76203,23.67727,18.38219
30-40,87,43.87556,53.39,6.11054,1.35766,7.52607,24.32596,24.23412,19.00694
30-40,88,44.96556,54.77,6.4247,1.39312,7.87197,24.91386,24.82471,19.69928
30-40,89,46.15125,56.28,6.76363,1.42744,8.12852,25.54851,25.46047,20.46148
30-40,90,47.47545,57.92,7.14639,1.46256,8.3684,26.22686,26.14232,21.2979
30-40,91,48.95157,59.75,7.58463,1.49661,8.9782,26.96972,26.88548,22.22334
30-40,92,50.58889,61.79,8.08051,1.52906,9.70172,27.78949,27.70397,23.30878
30-40,93,52.5,64.07,8.64933,1.56305,10.07538,28.70836,28.61772,24.53376
30-40,94,54.71263,66.69,9.31084,1.59803,10.36655,29.7589,29.67384,25.98502
30-40,95,57.36125,69.82,10.10857,1.63474,10.99785,30.9961,30.90193,27.72337
30-40,96,60.6409,73.59,11.08547,1.67442,12.70632,32.49067,32.39579,29.90021
30-40,97,64.98653,78.48,12.36938,1.71831,13.98529,34.41887,34.32662,32.7777
30-40,98,71.20096,85.17,14.18723,1.77127,14.96453,37.26816,37.14717,36.97968
30-40,99,81.54974,96.36,17.26157,1.84041,19.87823,42.70909,42.47476,44.37656
40-50,1,8.51625,10.32,0.25258,0.00418,0.05004,2.80777,2.7772,2.62982
40-50,2,10.3175,12.31,0.34709,0.0114,0.08952,3.44293,3.41204,3.1695
40-50,3,11.56625,13.66,0.42067,0.01745,0.12242,3.88615,3.85887,3.54568
40-50,4,12.53,14.71,0.48469,0.02278,0.15233,4.24116,4.21752,3.84701
40-50,5,13.33143,15.59,0.54239,0.02787,0.18013,4.54927,4.52923,4.10401
40-50,6,14.02667,16.36,0.59694,0.03347,0.20569,4.82663,4.809,4.33504
40-50,7,14.64143,17.04,0.64893,0.03941,0.23026,5.07832,5.06706,4.54493
40-50,8,15.2,17.67,0.69797,0.04507,0.25339,5.31645,5.30432,4.73743
40-50,9,15.72582,18.25,0.74508,0.05015,0.27558,5.53936,5.5288,4.91885
40-50,10,16.21714,18.8,0.78987,0.05537,0.29705,5.7486,5.74314,5.09406
40-50,11,16.68333,19.32,0.83468,0.06074,0.31796,5.95164,5.94808,5.2592
40-50,12,17.12,19.82,0.87758,0.06627,0.33809,6.14937,6.14776,5.4163
40-50,13,17.54667,20.28,0.91955,0.07206,0.3581,6.34,6.3425,5.56824
40-50,14,17.96,20.74,0.96121,0.07797,0.37745,6.52852,6.53226,5.71775
40-50,15,18.34429,21.18,1.00222,0.08402,0.39634,6.71316,6.72029,5.86046
40-50,16,18.728,21.61,1.0423,0.09003,0.41519,6.89551,6.90297,6.00055
40-50,17,19.10125,22.03,1.08224,0.09605,0.43355,7.07613,7.08518,6.13909
40-50,18,19.464,22.44,1.12206,0.10192,0.45177,7.25557,7.26525,6.27574
40-50,19,19.8175,22.84,1.16123,0.10761,0.47029,7.4331,7.44546,6.4106
40-50,20,20.15833,23.24,1.20049,0.11323,0.48814,7.6118,7.6255,6.54518
40-50,21,20.49909,23.64,1.2398,0.11872,0.50608,7.78771,7.80306,6.67598
40-50,22,20.839,24.04,1.27814,0.12396,0.52341,7.96522,7.98105,6.80737
40-50,23,21.17222,24.42,1.31596,0.12898,0.54102,8.14068,8.15754,6.94138
40-50,24,21.505,24.8,1.35419,0.13378,0.55863,8.31568,8.33525,7.07227
40-50,25,21.8325,25.19,1.39262,0.13853,0.57642,8.49274,8.51517,7.20489
40-50,26,22.15833,25.57,1.43013,0.14332,0.59411,8.67117,8.6942,7.33517
40-50,27,22.48714,25.96,1.46868,0.14825,0.61198,8.85124,8.87338,7.46563
40-50,28,22.80875,26.34,1.50734,0.15311,0.62978,9.03287,9.05397,7.59631
40-50,29,23.13111,26.72,1.54572,0.15792,0.64842,9.21263,9.2358,7.72649
40-50,30,23.45,27.09,1.58396,0.16277,0.66698,9.3961,9.41887,7.85947
40-50,31,23.7775,27.47,1.6221,0.16754,0.68576,9.57968,9.603,7.99088
40-50,32,24.095,27.85,1.66002,0.17218,0.70466,9.76419,9.78847,8.12266
40-50,33,24.41625,28.23,1.69855,0.17678,0.72372,9.94983,9.97487,8.25618
40-50,34,24.73636,28.61,1.73756,0.1813,0.74297,10.13744,10.16244,8.39152
40-50,35,25.0575,28.99,1.77629,0.18566,0.76252,10.32812,10.35076,8.52781
40-50,36,25.38087,29.38,1.81545,0.1899,0.78233,10.51885,10.54162,8.66466
40-50,37,25.69875,29.76,1.8552,0.19396,0.80243,10.71153,10.73679,8.80138
40-50,38,26.02,30.14,1.89512,0.19779,0.82238,10.90632,10.93077,8.94096
40-50,39,26.3475,30.53,1.93527,0.20147,0.84272,11.10331,11.12678,9.08257
40-50,40,26.67214,30.92,1.97557,0.20494,0.86383,11.30129,11.32533,9.22538
40-50,41,27.0,31.3,2.01638,0.20823,0.88528,11.5057,11.52667,9.37143
40-50,42,27.3325,31.69,2.05728,0.21135,0.90708,11.70858,11.7301,9.51654
40-50,43,27.66286,32.09,2.09916,0.21469,0.92928,11.9173,11.93595,9.6633
40-50,44,27.99787,32.48,2.14182,0.21825,0.95209,12.12713,12.14419,9.81324
40-50,45,28.33398,32.89,2.1847,0.22222,0.97566,12.34026,12.35586,9.96626
40-50,46,28.6725,33.29,2.22826,0.22615,0.9993,12.55587,12.5732,10.12083
40-50,47,29.01,33.7,2.27363,0.22965,1.0239,12.77474,12.79111,10.2774
40-50,48,29.35561,34.12,2.31883,0.23347,1.04856,12.99633,13.01004,10.43556
40-50,49,29.70444,34.54,2.36564,0.23795,1.07417,13.22249,13.23394,10.59926
40-50,50,30.0575,34.96,2.41349,0.24277,1.10128,13.45203,13.46187,10.7634
40-50,51,30.41,35.38,2.46227,0.24799,1.12916,13.68547,13.69184,10.93201
40-50,52,30.76875,35.82,2.51218,0.254,1.15797,13.91929,13.92452,11.10103
40-50,53,31.132,36.25,2.56354,0.26087,1.18761,14.16245,14.16635,11.27792
40-50,54,31.5,36.7,2.61578,0.26853,1.21881,14.40653,14.40893,11.45153
40-50,55,31.86571,37.15,2.66964,0.27615,1.25092,14.65493,14.65459,11.63178
40-50,56,32.24857,37.61,2.72543,0.28337,1.28506,14.90706,14.90662,11.81602
40-50,57,32.63,38.08,2.78299,0.29035,1.32214,15.1668,15.16247,12.00629
40-50,58,33.01875,38.55,2.84047,0.299,1.36029,15.42395,15.421,12.20083
40-50,59,33.4075,39.04,2.90126,0.31191,1.40101,15.69468,15.68884,12.39844
40-50,60,33.81222,39.53,2.96429,0.34103,1.445,15.96563,15.95798,12.60279
40-50,61,34.22667,40.04,3.02847,0.37231,1.49195,16.24423,16.23053,12.81391
40-50,62,34.64833,40.55,3.09436,0.40648,1.54244,16.52462,16.5102,13.0287
40-50,63,35.07333,41.07,3.16367,0.45249,1.59769,16.80836,16.79203,13.25108
40-50,64,35.51,41.6,3.23567,0.49762,1.65948,17.09898,17.08043,13.48103
40-50,65,35.95231,42.16,3.31063,0.54277,1.72691,17.3986,17.37945,13.71804
40-50,66,36.40889,42.73,3.38889,0.59504,1.80336,17.70164,17.68086,13.96008
40-50,67,36.86856,43.31,3.46951,0.64373,1.88809,18.01397,17.99093,14.21273
40-50,68,37.34875,43.9,3.55429,0.69063,1.98798,18.33343,18.30802,14.47129
40-50,69,37.83883,44.51,3.64187,0.7347,2.10559,18.65739,18.63071,14.7424
40-50,70,38.33625,45.14,3.73422,0.77643,2.24237,18.98907,18.96011,15.02061
40-50,71,38.8575,45.79,3.83138,0.81671,2.40256,19.32657,19.29648,15.31077
40-50,72,39.39502,46.45,3.93362,0.85513,2.5914,19.67445,19.64092,15.61345
40-50,73,39.95554,47.14,4.04294,0.89091,2.82236,20.02932,19.99542,15.92912
40-50,74,40.53429,47.85,4.15612,0.92483,3.06747,20.3963,20.35864,16.25859
40-50,75,41.125,48.59,4.27577,0.95775,3.32327,20.77039,20.73517,16.59529
40-50,76,41.74549,49.36,4.40126,0.98946,3.5456,21.15457,21.11729,16.94981
40-50,77,42.3875,50.17,4.53647,1.0208,3.75248,21.55037,21.51355,17.32432
40-50,78,43.05625,51.01,4.67954,1.05081,4.11216,21.9598,21.9191,17.71497
40-50,79,43.75333,51.89,4.83219,1.08034,4.55272,22.38296,22.33761,18.13025
40-50,80,44.48352,52.79,4.99666,1.11105,5.03088,22.81725,22.77606,18.57063
40-50,81,45.25556,53.76,5.17317,1.1422,5.4255,23.27018,23.23123,19.0325
40-50,82,46.07289,54.77,5.36134,1.17582,5.76621,23.74475,23.70357,19.52816
40-50,83,46.93,55.82,5.56584,1.20894,6.03829,24.23995,24.19734,20.05165
40-50,84,47.85374,56.95,5.79072,1.24241,6.29645,24.7559,24.71573,20.61192
40-50,85,48.82553,58.15,6.03279,1.27625,6.68445,25.29519,25.25267,21.21489
40-50,86,49.87143,59.44,6.29298,1.30855,7.13579,25.86529,25.82269,21.87159
40-50,87,50.99111,60.82,6.58032,1.34142,7.56794,26.47277,26.43321,22.57082
40-50,88,52.21907,62.3,6.89768,1.37677,7.8949,27.11723,27.07863,23.32988
40-50,89,53.54333,63.91,7.2456,1.41198,8.14891,27.81441,27.77282,24.17064
40-50,90,54.99,65.64,7.6381,1.44782,8.40599,28.55956,28.52676,25.09839
40-50,91,56.61,67.58,8.08439,1.48371,9.06014,29.38142,29.3501,26.13951
40-50,92,58.44333,69.72,8.59149,1.5174,9.73995,30.30359,30.26375,27.3132
40-50,93,60.56,72.12,9.17539,1.55198,10.10377,31.32254,31.28493,28.66556
40-50,94,62.9686,74.88,9.85869,1.58761,10.42453,32.49101,32.45856,30.24769
40-50,95,65.81,78.14,10.67568,1.62591,11.17347,33.89342,33.84879,32.16377
40-50,96,69.354,82.15,11.69798,1.66687,12.91964,35.61541,35.57178,34.55863
40-50,97,74.025,87.27,13.01467,1.71219,14.03027,37.90061,37.85572,37.74362
40-50,98,80.52337,94.51,14.88204,1.76534,15.04853,41.27419,41.20781,42.28407
40-50,99,91.55568,106.96,18.11429,1.83557,19.91005,47.56433,47.46719,50.18564
50-60,1,11.34125,13.0941,0.26911,0.00384,0.05112,3.75745,3.76655,3.5862
50-60,2,13.2425,15.16,0.36878,0.01087,0.09104,4.44954,4.47089,4.19001
50-60,3,14.4775,16.55,0.44598,0.01693,0.12484,4.92614,4.9563,4.59812
50-60,4,15.44286,17.67,0.51348,0.02224,0.15529,5.30929,5.3512,4.92971
50-60,5,16.25503,18.62,0.57426,0.02714,0.18371,5.64052,5.69234,5.21227
50-60,6,16.99731,19.45,0.63129,0.03262,0.21041,5.94369,6.00028,5.46508
50-60,7,17.65273,20.19,0.68432,0.03835,0.23519,6.22249,6.28411,5.69697
50-60,8,18.2625,20.9,0.73574,0.04414,0.25879,6.48123,6.55175,5.91724
50-60,9,18.82625,21.56,0.78531,0.04929,0.28155,6.727,6.80324,6.12324
50-60,10,19.37333,22.18,0.83342,0.05446,0.30365,6.96225,7.0457,6.31767
50-60,11,19.89571,22.77,0.88026,0.05984,0.32494,7.19253,7.27913,6.50478
50-60,12,20.38889,23.34,0.92623,0.06535,0.34531,7.41416,7.50547,6.68382
50-60,13,20.8725,23.9,0.97138,0.07117,0.36554,7.63005,7.72611,6.86059
50-60,14,21.33875,24.43,1.01571,0.07719,0.38578,7.84342,7.94285,7.03422
50-60,15,21.80286,24.95,1.05988,0.08333,0.40548,8.05039,8.15728,7.20285
50-60,16,22.24429,25.45,1.10448,0.08942,0.42482,8.25627,8.36536,7.37242
50-60,17,22.67625,25.94,1.1477,0.09545,0.44368,8.45873,8.57283,7.53373
50-60,18,23.09549,26.41,1.19006,0.10142,0.46253,8.66042,8.77685,7.69221
50-60,19,23.51091,26.88,1.23307,0.10723,0.48097,8.8604,8.97955,7.8516
50-60,20,23.91364,27.34,1.27531,0.11305,0.49987,9.05765,9.18054,8.01056
50-60,21,24.31,27.8,1.3175,0.11861,0.51844,9.25312,9.37944,8.16978
50-60,22,24.70625,28.24,1.35955,0.12387,0.53681,9.4492,9.57875,8.32728
50-60,23,25.098,28.68,1.40156,0.12899,0.55531,9.64331,9.77475,8.48387
50-60,24,25.48182,29.12,1.4435,0.13389,0.57385,9.8365,9.97039,8.6393
50-60,25,25.86,29.56,1.48547,0.13876,0.59212,10.028,10.1681,8.79504
50-60,26,26.24,29.99,1.52743,0.14353,0.61068,10.22206,10.36362,8.94848
50-60,27,26.61857,30.42,1.56858,0.14845,0.62952,10.41519,10.55789,9.10257
50-60,28,26.99125,30.85,1.61,0.15338,0.64887,10.60818,10.75449,9.25587
50-60,29,27.3625,31.27,1.65204,0.1583,0.66794,10.80337,10.94926,9.4104
50-60,30,27.73571,31.7,1.69374,0.16313,0.68731,10.99884,11.14534,9.5642
50-60,31,28.11,32.12,1.73547,0.16797,0.70677,11.19375,11.34471,9.72164
50-60,32,28.4725,32.55,1.77735,0.17279,0.72673,11.39296,11.54199,9.87693
50-60,33,28.835,32.97,1.82026,0.17759,0.74651,11.59227,11.74145,10.03402
50-60,34,29.2,33.4,1.86236,0.18229,0.76691,11.79062,11.941,10.19182
50-60,35,29.56889,33.83,1.90481,0.18672,0.78767,11.9925,12.14281,10.35188
50-60,36,29.93714,34.25,1.94732,0.19105,0.80869,12.19573,12.34637,10.51102
50-60,37,30.2991,34.67,1.98966,0.19522,0.82965,12.40155,12.54976,10.6736
50-60,38,30.665,35.1,2.03294,0.1992,0.85103,12.60544,12.75833,10.83651
50-60,39,31.0325,35.53,2.07657,0.20299,0.87254,12.81635,12.96644,10.9997
50-60,40,31.3975,35.95,2.12083,0.20647,0.89441,13.02689,13.17598,11.16572
50-60,41,31.77,36.37,2.1658,0.2098,0.91708,13.23834,13.38917,11.33476
50-60,42,32.144,36.81,2.2115,0.21325,0.94004,13.45475,13.60248,11.50631
50-60,43,32.52125,37.25,2.25786,0.21674,0.96354,13.67481,13.82136,11.67776
50-60,44,32.89857,37.69,2.30445,0.22076,0.98728,13.8928,14.03964,11.853
50-60,45,33.27571,38.14,2.35185,0.22484,1.01212,14.11276,14.26073,12.03171
50-60,46,33.65857,38.59,2.39984,0.22863,1.03731,14.33841,14.48398,12.21222
50-60,47,34.04625,39.04,2.44854,0.23216,1.06288,14.56608,14.70916,12.3959
50-60,48,34.43,39.5,2.49809,0.23676,1.08933,14.79474,14.93694,12.58133
50-60,49,34.8225,39.95,2.54865,0.24171,1.11673,15.02734,15.1678,12.77441
50-60,50,35.20889,40.42,2.59963,0.24701,1.14482,15.26714,15.40362,12.96772
50-60,51,35.60818,40.89,2.65213,0.25328,1.17437,15.5047,15.6416,13.16383
50-60,52,36.01143,41.37,2.70537,0.26031,1.20446,15.74714,15.88397,13.36063
50-60,53,36.41857,41.85,2.76015,0.26829,1.23588,15.99678,16.12824,13.56594
50-60,54,36.835,42.35,2.81627,0.27629,1.26859,16.24908,16.37872,13.77058
50-60,55,37.255,42.84,2.87368,0.2839,1.30266,16.50413,16.63221,13.98362
50-60,56,37.67599,43.35,2.93263,0.29129,1.33918,16.76425,16.8872,14.20119
50-60,57,38.09786,43.86,2.99406,0.30073,1.37798,17.02831,17.14725,14.42393
50-60,58,38.53556,44.38,3.05682,0.31953,1.41894,17.29972,17.41669,14.65036
50-60,59,38.98714,44.92,3.12036,0.34929,1.46364,17.5742,17.68725,14.8819
50-60,60,39.4375,45.47,3.18658,0.38126,1.51073,17.85337,17.96277,15.11689
50-60,61,39.904,46.02,3.2553,0.41719,1.56196,18.13702,18.24257,15.36309
50-60,62,40.37687,46.59,3.32474,0.46091,1.61833,18.42609,18.53071,15.61265
50-60,63,40.85444,47.17,3.39705,0.50267,1.67936,18.7215,18.82717,15.8702
50-60,64,41.34125,47.78,3.47158,0.54717,1.74514,19.02714,19.12523,16.13851
50-60,65,41.84091,48.37,3.54874,0.59598,1.82069,19.3374,19.42906,16.40821
50-60,66,42.34875,49.0,3.62998,0.64209,1.90388,19.65272,19.74402,16.68694
50-60,67,42.87111,49.63,3.71301,0.68646,1.99944,19.9766,20.06727,16.98154
50-60,68,43.41,50.28,3.79988,0.72868,2.10888,20.3072,20.39231,17.2801
50-60,69,43.96222,50.96,3.89124,0.76906,2.23928,20.6466,20.72579,17.59137
50-60,70,44.53,51.65,3.98478,0.80742,2.38521,20.98953,21.06696,17.9159
50-60,71,45.11625,52.36,4.0837,0.84468,2.56162,21.348,21.41769,18.25105
50-60,72,45.71857,53.11,4.18814,0.87949,2.76333,21.71073,21.77665,18.60228
50-60,73,46.34642,53.87,4.29847,0.91263,2.98357,22.08606,22.14535,18.96236
50-60,74,46.99735,54.65,4.41388,0.94486,3.21653,22.47115,22.52637,19.3384
50-60,75,47.66667,55.48,4.53519,0.9754,3.44687,22.868,22.92287,19.73361
50-60,76,48.36417,56.35,4.66384,1.00565,3.63915,23.27923,23.33131,20.14449
50-60,77,49.09444,57.25,4.80233,1.03495,3.89039,23.70884,23.74973,20.57782
50-60,78,49.84167,58.17,4.94596,1.06381,4.29201,24.14891,24.18812,21.03461
50-60,79,50.6475,59.14,5.10101,1.09265,4.73544,24.60464,24.64315,21.51271
50-60,80,51.48222,60.18,5.26442,1.12192,5.18392,25.08252,25.12232,22.01927
50-60,81,52.3675,61.24,5.43857,1.15284,5.55817,25.58067,25.61263,22.55318
50-60,82,53.30176,62.38,5.62991,1.18482,5.87215,26.10055,26.12527,23.12223
50-60,83,54.28003,63.57,5.83708,1.2175,6.12369,26.65089,26.67163,23.73963
50-60,84,55.315,64.82,6.06111,1.2504,6.41847,27.21488,27.23465,24.37615
50-60,85,56.41163,66.14,6.3036,1.28243,6.80895,27.82285,27.83827,25.07286
50-60,86,57.5875,67.58,6.57155,1.31405,7.26039,28.46687,28.47956,25.81407
50-60,87,58.86,69.13,6.86515,1.34658,7.65365,29.14639,29.15886,26.62472
50-60,88,60.22125,70.77,7.19033,1.38106,7.95732,29.8982,29.9048,27.5094
50-60,89,61.76556,72.56,7.55572,1.41578,8.19479,30.70694,30.70608,28.48036
50-60,90,63.41927,74.51,7.96163,1.45035,8.50996,31.58709,31.57609,29.56292
50-60,91,65.28,76.67,8.42606,1.48534,9.23992,32.5567,32.54438,30.77857
50-60,92,67.3776,79.07,8.953,1.51876,9.82352,33.64595,33.63957,32.16085
50-60,93,69.77292,81.77,9.55998,1.55357,10.15732,34.89007,34.87169,33.74361
50-60,94,72.498,84.87,10.2698,1.58941,10.50303,36.31543,36.30768,35.58043
50-60,95,75.77,88.48,11.13128,1.62719,11.35886,38.04633,38.03958,37.77186
50-60,96,79.87,92.87,12.19137,1.66788,13.13238,40.18992,40.21232,40.51156
50-60,97,85.165,98.45,13.57348,1.71242,14.13939,43.11445,43.09951,44.16072
50-60,98,92.55522,106.09,15.49158,1.76593,15.15928,47.35679,47.40005,49.31931
50-60,99,105.19855,118.98,18.68875,1.83599,19.87573,55.36791,55.40099,58.33156
60-70,1,10.92269,12.74,0.22677,0.00329,0.05435,3.73305,3.79639,3.6527
60-70,2,13.13,15.25,0.33158,0.0097,0.09546,4.60483,4.69994,4.39608
60-70,3,14.68231,17.0,0.41512,0.0154,0.13045,5.20524,5.3209,4.91836
60-70,4,15.9275,18.37,0.48859,0.02068,0.16188,5.69007,5.83137,5.34161
60-70,5,16.9925,19.55,0.55585,0.02526,0.19102,6.11223,6.2678,5.70542
60-70,6,17.935,20.58,0.61816,0.0305,0.21799,6.49138,6.66065,6.0342
60-70,7,18.78286,21.5,0.67786,0.03597,0.24338,6.83738,7.02004,6.3343
60-70,8,19.56143,22.36,0.73527,0.04174,0.26771,7.15591,7.35293,6.61089
60-70,9,20.28455,23.16,0.79036,0.04699,0.29125,7.45446,7.66525,6.87387
60-70,10,20.96099,23.91,0.84361,0.05196,0.31414,7.73788,7.95914,7.11724
60-70,11,21.595,24.62,0.89583,0.05714,0.33615,8.00617,8.23849,7.35255
60-70,12,22.20333,25.3,0.94813,0.06258,0.35784,8.26325,8.50599,7.57448
60-70,13,22.7825,25.96,0.99826,0.0681,0.37919,8.51082,8.76158,7.78789
60-70,14,23.35,26.59,1.04731,0.0738,0.39991,8.74942,9.0129,7.99528
60-70,15,23.89625,27.19,1.09619,0.0797,0.42061,8.9852,9.25355,8.19853
60-70,16,24.43375,27.78,1.14509,0.08567,0.4408,9.21358,9.49351,8.39508
60-70,17,24.95556,28.36,1.19316,0.09173,0.46086,9.44148,9.72718,8.5894
60-70,18,25.46125,28.92,1.2406,0.09766,0.48037,9.66384,9.95675,8.78149
60-70,19,25.95125,29.47,1.28762,0.10344,0.49973,9.88171,10.18322,8.97141
60-70,20,26.43286,30.0,1.33463,0.10929,0.5191,10.09628,10.40563,9.15806
60-70,21,26.9075,30.54,1.38086,0.11498,0.53823,10.31064,10.62505,9.34222
60-70,22,27.366,31.06,1.42661,0.12052,0.5574,10.52467,10.84297,9.52538
60-70,23,27.82167,31.58,1.4724,0.12577,0.57648,10.73298,11.0593,9.70718
60-70,24,28.27,32.09,1.51827,0.13083,0.59581,10.9418,11.27282,9.88579
60-70,25,28.715,32.6,1.56381,0.13576,0.61528,11.14956,11.48449,10.0655
60-70,26,29.15875,33.1,1.60909,0.14054,0.63499,11.35528,11.69406,10.2442
60-70,27,29.5925,33.6,1.65404,0.14548,0.65519,11.5619,11.9048,10.42317
60-70,28,30.025,34.1,1.69967,0.15051,0.6752,11.76912,12.11441,10.60361
60-70,29,30.45849,34.58,1.74495,0.15542,0.69557,11.97459,12.32509,10.78256
60-70,30,30.89148,35.07,1.79006,0.16036,0.7163,12.17937,12.53366,10.96113
60-70,31,31.328,35.56,1.83528,0.16524,0.73724,12.38747,12.74558,11.14004
60-70,32,31.75167,36.04,1.88102,0.17005,0.75826,12.59535,12.95462,11.31912
60-70,33,32.17375,36.52,1.92583,0.17484,0.77921,12.80391,13.16867,11.50077
60-70,34,32.59125,37.0,1.97132,0.17955,0.8008,13.0123,13.38014,11.68316
60-70,35,33.01,37.49,2.01755,0.18406,0.82248,13.22355,13.59243,11.86494
60-70,36,33.42875,37.97,2.06296,0.1885,0.84435,13.436,13.80397,12.04918
60-70,37,33.84833,38.45,2.10891,0.19278,0.86685,13.65077,14.0181,12.23434
60-70,38,34.27222,38.94,2.15527,0.1969,0.88937,13.86522,14.23711,12.4217
60-70,39,34.69571,39.43,2.202,0.20076,0.91242,14.08157,14.45275,12.61199
60-70,40,35.1175,39.92,2.24941,0.20445,0.9356,14.30107,14.67127,12.80489
60-70,41,35.54286,40.41,2.29684,0.20797,0.95998,14.52158,14.89062,12.99993
60-70,42,35.97857,40.91,2.3446,0.21124,0.98453,14.74478,15.11208,13.19711
60-70,43,36.41,41.41,2.39335,0.21473,1.00941,14.96816,15.33723,13.39879
60-70,44,36.84143,41.92,2.44198,0.21854,1.0347,15.19585,15.56445,13.60097
60-70,45,37.28182,42.42,2.49157,0.22265,1.06057,15.42545,15.79581,13.80584
60-70,46,37.725,42.93,2.54172,0.22665,1.08726,15.66155,16.02726,14.01429
60-70,47,38.17472,43.45,2.59302,0.23018,1.11492,15.89657,16.26378,14.22587
60-70,48,38.6275,43.97,2.64511,0.23435,1.14392,16.13557,16.50077,14.44191
60-70,49,39.07429,44.5,2.6986,0.23906,1.1733,16.37759,16.74147,14.65879
60-70,50,39.53667,45.04,2.75242,0.24402,1.20354,16.62275,16.9849,14.88073
60-70,51,40.00125,45.58,2.8074,0.24964,1.23544,16.87006,17.231,15.10499
60-70,52,40.4675,46.13,2.86332,0.2559,1.26844,17.12355,17.47914,15.33596
60-70,53,40.94111,46.69,2.92038,0.26332,1.30317,17.37797,17.73558,15.56912
60-70,54,41.425,47.24,2.97929,0.27115,1.34006,17.63802,17.99498,15.80827
60-70,55,41.90667,47.81,3.03949,0.27894,1.37837,17.90656,18.25397,16.05047
60-70,56,42.4,48.39,3.10159,0.28598,1.41838,18.1748,18.52095,16.30122
60-70,57,42.90222,48.98,3.1647,0.29355,1.46109,18.45097,18.7914,16.55761
60-70,58,43.41,49.58,3.22861,0.30281,1.50772,18.73035,19.06756,16.81971
60-70,59,43.92222,50.17,3.29499,0.3239,1.55604,19.0139,19.34927,17.08892
60-70,60,44.45,50.79,3.3634,0.35327,1.60891,19.30736,19.63478,17.3645
60-70,61,44.98727,51.42,3.43347,0.38491,1.66584,19.60565,19.92719,17.64774
60-70,62,45.53429,52.07,3.50633,0.42045,1.7278,19.90982,20.22762,17.94015
60-70,63,46.09455,52.74,3.58106,0.46297,1.79577,20.22155,20.53479,18.23827
60-70,64,46.65653,53.4,3.65881,0.50309,1.87045,20.53794,20.84803,18.54509
60-70,65,47.245,54.09,3.7393,0.54579,1.95303,20.86127,21.16256,18.86006
60-70,66,47.84444,54.8,3.8219,0.59166,2.04633,21.19134,21.49062,19.19046
60-70,67,48.45444,55.53,3.90794,0.63524,2.15191,21.53197,21.82727,19.53138
60-70,68,49.07,56.28,3.99773,0.67779,2.27146,21.87949,22.17105,19.88354
60-70,69,49.70857,57.05,4.09034,0.71827,2.405,22.23918,22.52533,20.24262
60-70,70,50.36373,57.83,4.18848,0.75719,2.55854,22.60765,22.88642,20.61879
60-70,71,51.05125,58.63,4.29072,0.79512,2.73637,22.98754,23.25943,21.00561
60-70,72,51.7522,59.47,4.39691,0.83198,2.93299,23.37967,23.6479,21.41107
60-70,73,52.48,60.33,4.5093,0.86712,3.13857,23.78917,24.04153,21.83445
60-70,74,53.24,61.24,4.62622,0.90066,3.35992,24.2074,24.45414,22.26993
60-70,75,54.02563,62.18,4.74902,0.93241,3.55644,24.64638,24.88084,22.73318
60-70,76,54.84125,63.15,4.87746,0.96339,3.74738,25.09733,25.32478,23.21818
60-70,77,55.68766,64.16,5.01489,0.99396,4.0577,25.56199,25.78804,23.72815
60-70,78,56.56818,65.22,5.16044,1.02425,4.44836,26.04734,26.26858,24.25609
60-70,79,57.49375,66.33,5.31593,1.05376,4.88384,26.5528,26.77025,24.81772
60-70,80,58.46857,67.45,5.48207,1.08287,5.28141,27.08247,27.29573,25.40768
60-70,81,59.48333,68.65,5.65957,1.11271,5.61994,27.63683,27.84557,26.03083
60-70,82,60.56,69.91,5.85006,1.1442,5.91608,28.21482,28.41993,26.68571
60-70,83,61.70218,71.25,6.05626,1.17697,6.16238,28.82403,29.02452,27.38489
60-70,84,62.89667,72.64,6.27811,1.21105,6.4779,29.47991,29.66149,28.13156
60-70,85,64.1825,74.14,6.5251,1.24562,6.87693,30.18127,30.3507,28.94612
60-70,86,65.535,75.72,6.79288,1.27943,7.3314,30.91639,31.09137,29.80902
60-70,87,67.00833,77.43,7.08027,1.31261,7.71264,31.71508,31.88766,30.74553
60-70,88,68.59222,79.25,7.40337,1.3472,8.00924,32.57225,32.73944,31.76461
60-70,89,70.3225,81.2,7.76428,1.38448,8.24215,33.51701,33.67736,32.89161
60-70,90,72.22375,83.37,8.16976,1.42162,8.64865,34.54832,34.6976,34.14224
60-70,91,74.356,85.78,8.63192,1.45959,9.37919,35.70049,35.85882,35.52868
60-70,92,76.7475,88.4368,9.15684,1.49718,9.88148,37.01728,37.16092,37.10575
60-70,93,79.44,91.41,9.76528,1.5336,10.2058,38.52292,38.66587,38.90146
60-70,94,82.59,94.73,10.47635,1.5713,10.6339,40.2864,40.41551,41.01404
60-70,95,86.26,98.68,11.34717,1.6118,11.43135,42.42128,42.55902,43.52639
60-70,96,90.78,103.46,12.42985,1.6543,13.22891,45.12031,45.2809,46.67565
60-70,97,96.64179,109.43,13.85466,1.7012,14.21279,48.70957,48.87736,50.75145
60-70,98,104.90361,117.76,15.82522,1.75675,15.32266,54.09087,54.30129,56.66219
60-70,99,118.74563,131.75,19.06913,1.82988,19.89196,63.85529,64.06614,66.81229
70-80,1,13.31125,15.29,0.22387,0.00242,0.05574,4.58528,4.81876,4.47044
70-80,2,15.954,18.15,0.32713,0.0084,0.09831,5.65943,5.96276,5.35697
70-80,3,17.70601,20.12,0.41091,0.01369,0.1337,6.38751,6.7362,5.98008
70-80,4,19.13,21.71,0.48458,0.01866,0.16593,6.95962,7.3407,6.47838
70-80,5,20.35,23.07,0.55144,0.0233,0.19571,7.44495,7.85475,6.90207
70-80,6,21.42,24.27,0.61536,0.02801,0.22335,7.87547,8.31067,7.27854
70-80,7,22.38182,25.37,0.67564,0.03327,0.24937,8.26629,8.72919,7.62543
70-80,8,23.29143,26.37,0.73509,0.03866,0.27472,8.63082,9.11889,7.94916
70-80,9,24.1225,27.31,0.79305,0.04404,0.29884,8.97414,9.47703,8.25319
70-80,10,24.89429,28.18,0.8504,0.04888,0.32268,9.2959,9.81292,8.54405
70-80,11,25.63,28.98,0.9058,0.05386,0.34547,9.60529,10.13564,8.82002
70-80,12,26.3225,29.75,0.96148,0.05915,0.36776,9.89637,10.44069,9.08658
70-80,13,26.98757,30.49,1.01527,0.06457,0.38993,10.17419,10.73515,9.33694
70-80,14,27.63187,31.2,1.06881,0.07017,0.41166,10.44743,11.01729,9.58743
70-80,15,28.23625,31.89,1.12257,0.07592,0.4331,10.71065,11.29335,9.82637
70-80,16,28.83111,32.56,1.17554,0.08183,0.45414,10.96772,11.56569,10.06197
70-80,17,29.41417,33.22,1.22916,0.08779,0.47489,11.21984,11.82611,10.2919
70-80,18,29.98098,33.86,1.28266,0.09379,0.49548,11.46864,12.0846,10.51876
70-80,19,30.53435,34.49,1.33528,0.09974,0.51555,11.71569,12.33965,10.74183
70-80,20,31.08,35.11,1.3881,0.10551,0.53599,11.95898,12.591,10.96472
70-80,21,31.62,35.73,1.44136,0.11138,0.55612,12.19836,12.83776,11.1814
70-80,22,32.15625,36.32,1.49388,0.11695,0.57681,12.43962,13.08429,11.40051
70-80,23,32.67714,36.92,1.54507,0.12224,0.59719,12.67665,13.32914,11.62198
70-80,24,33.19963,37.52,1.59709,0.12738,0.61757,12.91352,13.57217,11.83712
70-80,25,33.72,38.11,1.64871,0.13227,0.63884,13.14982,13.81257,12.05242
70-80,26,34.24125,38.7,1.70042,0.1371,0.66025,13.38451,14.05031,12.26836
70-80,27,34.76143,39.27,1.75203,0.14199,0.68173,13.62091,14.2923,12.4847
70-80,28,35.27222,39.86,1.80317,0.1469,0.70313,13.85636,14.53128,12.70141
70-80,29,35.78143,40.44,1.85483,0.15181,0.72477,14.08902,14.77003,12.91803
70-80,30,36.29375,41.01,1.90661,0.15671,0.7466,14.3254,15.01113,13.13522
70-80,31,36.8025,41.59,1.95811,0.16154,0.76878,14.55778,15.24878,13.35508
70-80,32,37.31,42.16,2.00935,0.16648,0.79096,14.79112,15.48349,13.57737
70-80,33,37.82143,42.74,2.06161,0.17129,0.81386,15.02872,15.72181,13.79541
70-80,34,38.33,43.31,2.11362,0.17611,0.83694,15.26599,15.96426,14.01768
70-80,35,38.83286,43.88,2.16628,0.18079,0.86038,15.50415,16.20476,14.24144
70-80,36,39.33897,44.45,2.21915,0.18529,0.88388,15.74361,16.44332,14.46517
70-80,37,39.84571,45.02,2.27153,0.18969,0.90811,15.9844,16.68767,14.69143
70-80,38,40.34889,45.6,2.32532,0.1939,0.93236,16.22675,16.92999,14.92113
70-80,39,40.85375,46.17,2.37854,0.19789,0.95709,16.46722,17.17406,15.15486
70-80,40,41.36714,46.75,2.43248,0.20177,0.98215,16.71207,17.42339,15.38823
70-80,41,41.87642,47.33,2.4873,0.20539,1.00758,16.95906,17.66822,15.6258
70-80,42,42.38778,47.91,2.54288,0.20883,1.03351,17.20663,17.92136,15.86345
70-80,43,42.90125,48.5,2.59861,0.21219,1.06053,17.45992,18.17405,16.10326
70-80,44,43.41182,49.09,2.65503,0.21568,1.08804,17.71759,18.43159,16.35261
70-80,45,43.93333,49.68,2.71235,0.21963,1.11624,17.97576,18.69023,16.60484
70-80,46,44.45375,50.28,2.77011,0.22376,1.14537,18.23474,18.9525,16.85907
70-80,47,44.98667,50.88,2.82955,0.22767,1.17545,18.49976,19.21461,17.11464
70-80,48,45.51636,51.49,2.88931,0.23105,1.20611,18.76986,19.48166,17.37504
70-80,49,46.05875,52.1,2.94933,0.23543,1.23844,19.04089,19.7511,17.64071
70-80,50,46.59455,52.72,3.01071,0.24015,1.27114,19.31417,20.0272,17.91205
70-80,51,47.13889,53.35,3.07344,0.2451,1.30623,19.59332,20.30415,18.18902
70-80,52,47.69,53.9704,3.13745,0.25085,1.34306,19.87977,20.58698,18.4702
70-80,53,48.25375,54.61,3.20283,0.25731,1.38115,20.17055,20.87202,18.75213
70-80,54,48.81818,55.26,3.26814,0.26489,1.42153,20.46359,21.16625,19.04453
70-80,55,49.38875,55.92,3.33558,0.27267,1.46367,20.76091,21.45982,19.34628
70-80,56,49.96818,56.58,3.40398,0.28031,1.50867,21.06893,21.76074,19.64576
70-80,57,50.55889,57.26,3.4748,0.28743,1.55622,21.37684,22.06528,19.95843
70-80,58,51.15125,57.95,3.54713,0.29549,1.60658,21.6914,22.37925,20.27749
70-80,59,51.76143,58.64,3.62085,0.30483,1.66086,22.01474,22.69747,20.60219
70-80,60,52.38,59.34,3.69639,0.33126,1.71884,22.34492,23.02068,20.93801
70-80,61,53.016,60.06,3.77466,0.36185,1.78332,22.68051,23.35496,21.28129
70-80,62,53.652,60.79,3.85415,0.39308,1.85224,23.02363,23.69148,21.63518
70-80,63,54.30636,61.54,3.93619,0.43093,1.92748,23.37422,24.03473,21.99636
70-80,64,54.9775,62.3,4.02122,0.47214,2.01046,23.73146,24.38901,22.36598
70-80,65,55.66714,63.08,4.10803,0.50925,2.10283,24.09789,24.75508,22.7465
70-80,66,56.36571,63.88,4.19805,0.5526,2.20493,24.47235,25.12475,23.13775
70-80,67,57.08333,64.69,4.29213,0.59648,2.31722,24.85833,25.50305,23.54277
70-80,68,57.815,65.54,4.38653,0.63812,2.44392,25.26045,25.89391,23.96056
70-80,69,58.56,66.4,4.48478,0.67872,2.58366,25.67368,26.2979,24.39098
70-80,70,59.33549,67.28,4.5886,0.71775,2.74572,26.10124,26.71378,24.84213
70-80,71,60.12474,68.19,4.69534,0.75495,2.91983,26.53898,27.14806,25.3036
70-80,72,60.94,69.13,4.80739,0.79153,3.10587,26.9893,27.59098,25.78365
70-80,73,61.78667,70.09,4.92216,0.82785,3.30725,27.46019,28.05179,26.28618
70-80,74,62.66125,71.08,5.04207,0.86237,3.49365,27.94233,28.53739,26.80968
70-80,75,63.57556,72.11,5.17054,0.89544,3.66462,28.45838,29.03069,27.35858
70-80,76,64.52333,73.19,5.30318,0.92789,3.89069,28.98425,29.54923,27.9297
70-80,77,65.49875,74.29,5.44459,0.95831,4.22744,29.53241,30.09004,28.51943
70-80,78,66.505,75.45,5.59187,0.98895,4.61483,30.1084,30.65471,29.15066
70-80,79,67.56868,76.66,5.74778,1.01949,5.01327,30.70926,31.24817,29.79908
70-80,80,68.67722,77.92,5.91551,1.04939,5.37648,31.33857,31.87608,30.49307
70-80,81,69.84222,79.23,6.09258,1.07938,5.70604,32.00558,32.53042,31.21339
70-80,82,71.06,80.6,6.28251,1.10998,5.97953,32.71613,33.22585,31.9786
70-80,83,72.34616,82.05,6.48762,1.14194,6.22718,33.4597,33.96312,32.79716
70-80,84,73.70526,83.6,6.706,1.17593,6.56228,34.25952,34.74898,33.6585
70-80,85,75.1485,85.2,6.94677,1.21098,6.95341,35.1087,35.59001,34.59581
70-80,86,76.72,86.9,7.20883,1.24638,7.39342,36.01364,36.48994,35.61191
70-80,87,78.37667,88.73,7.49436,1.28151,7.76007,36.99482,37.4512,36.68453
70-80,88,80.16243,90.7,7.81214,1.31632,8.04675,38.05394,38.50144,37.87457
70-80,89,82.106,92.82,8.16813,1.35302,8.28042,39.21893,39.63709,39.16296
70-80,90,84.208,95.14,8.56656,1.39177,8.76028,40.48408,40.89555,40.57365
70-80,91,86.53571,97.69,9.01489,1.43178,9.44837,41.91327,42.29825,42.13458
70-80,92,89.14547,100.52,9.5403,1.47225,9.92821,43.52083,43.87495,43.90798
70-80,93,92.04222,103.67,10.14358,1.51197,10.25849,45.34179,45.68057,45.92118
70-80,94,95.46,107.28,10.85177,1.55199,10.77228,47.4944,47.81698,48.28156
70-80,95,99.46371,111.4,11.71749,1.59442,11.64837,50.07835,50.3705,51.05273
70-80,96,104.32,116.46,12.80093,1.64052,13.38086,53.2781,53.5222,54.4299
70-80,97,110.46248,122.93,14.21806,1.69024,14.31162,57.4579,57.73801,58.87279
70-80,98,119.2,131.98,16.22661,1.74801,15.52969,63.56825,63.7145,65.29161
70-80,99,134.24994,147.54,19.53328,1.82347,19.87311,74.41608,74.31081,76.45373
80-90,1,14.3325,16.95,0.2004,0.00189,0.0571,5.10064,5.50071,4.80717
80-90,2,17.87788,20.8,0.30533,0.00681,0.10002,6.50279,7.01389,6.0165
80-90,3,20.22197,23.3484,0.39131,0.01175,0.13725,7.4396,8.04187,6.85761
80-90,4,22.04375,25.39,0.4671,0.01651,0.17015,8.17527,8.83666,7.51805
80-90,5,23.6075,27.13,0.53565,0.02122,0.2011,8.80231,9.50631,8.07609
80-90,6,25.01111,28.68,0.59994,0.02542,0.22949,9.35768,10.10327,8.58169
80-90,7,26.29571,30.06,0.66197,0.03009,0.25646,9.86603,10.6423,9.04193
80-90,8,27.48,31.33,0.72181,0.03499,0.2821,10.33212,11.13752,9.46965
80-90,9,28.59,32.53,0.78072,0.04025,0.30703,10.76441,11.59997,9.86518
80-90,10,29.6175,33.66,0.83789,0.04531,0.33125,11.17144,12.03815,10.24145
80-90,11,30.57715,34.71,0.8938,0.05004,0.35526,11.56126,12.45257,10.59837
80-90,12,31.49545,35.73,0.94948,0.05493,0.37849,11.93234,12.84634,10.94582
80-90,13,32.38125,36.69,1.00476,0.06017,0.40132,12.28992,13.21865,11.27677
80-90,14,33.22571,37.6,1.05912,0.06558,0.42357,12.63313,13.58215,11.59884
80-90,15,34.03286,38.48,1.11306,0.07119,0.44555,12.96523,13.936,11.91265
80-90,16,34.82667,39.34,1.16739,0.07689,0.46762,13.2877,14.27281,12.21696
80-90,17,35.6058,40.16,1.2214,0.08255,0.48896,13.59996,14.60607,12.51646
80-90,18,36.3492,40.95,1.27582,0.08848,0.51019,13.90761,14.92487,12.80744
80-90,19,37.08429,41.73,1.32978,0.09433,0.53111,14.20807,15.2363,13.0963
80-90,20,37.78667,42.48,1.38371,0.1002,0.55222,14.50421,15.54739,13.37675
80-90,21,38.47109,43.22,1.43758,0.1059,0.57356,14.79575,15.84894,13.66048
80-90,22,39.15125,43.93,1.49218,0.1117,0.5947,15.0815,16.1471,13.93645
80-90,23,39.82429,44.62,1.54589,0.1173,0.61579,15.36486,16.44059,14.20797
80-90,24,40.46633,45.32,1.59991,0.12265,0.63728,15.64301,16.73212,14.47744
80-90,25,41.10375,45.99,1.6541,0.12786,0.65952,15.91991,17.01976,14.74777
80-90,26,41.73875,46.65,1.70861,0.13288,0.68188,16.19513,17.30091,15.01677
80-90,27,42.36556,47.3,1.76356,0.13777,0.70421,16.46828,17.58311,15.28365
80-90,28,42.96714,47.95,1.81828,0.14263,0.72664,16.74195,17.86367,15.55253
80-90,29,43.575,48.59,1.87311,0.14768,0.74931,17.00897,18.13958,15.81832
80-90,30,44.17286,49.23,1.9285,0.15268,0.77218,17.27894,18.41461,16.08415
80-90,31,44.7675,49.86,1.98404,0.15764,0.79521,17.54734,18.6919,16.35228
80-90,32,45.345,50.49,2.03937,0.16261,0.81854,17.81768,18.9678,16.62035
80-90,33,45.93143,51.11,2.09569,0.16756,0.8419,18.08922,19.24393,16.8896
80-90,34,46.51191,51.73,2.15222,0.17246,0.8659,18.35715,19.5196,17.15815
80-90,35,47.07983,52.35,2.21012,0.1773,0.8902,18.62564,19.79299,17.42551
80-90,36,47.6525,52.99,2.26783,0.18202,0.91509,18.89701,20.06659,17.69517
80-90,37,48.215,53.61,2.32643,0.18652,0.94024,19.16995,20.34307,17.96828
80-90,38,48.7725,54.24,2.38487,0.19096,0.96574,19.44441,20.62055,18.24086
80-90,39,49.33125,54.86,2.44482,0.19514,0.99193,19.72184,20.90178,18.51679
80-90,40,49.895,55.49,2.50458,0.19912,1.01846,20.00201,21.18334,18.79586
80-90,41,50.45875,56.13,2.5657,0.2029,1.04548,20.28456,21.46624,19.07768
80-90,42,51.02778,56.76,2.62773,0.20653,1.0732,20.56872,21.75128,19.36298
80-90,43,51.605,57.41,2.69042,0.20988,1.10211,20.85721,22.03446,19.65316
80-90,44,52.18111,58.04,2.75457,0.21333,1.1319,21.14837,22.32803,19.94828
80-90,45,52.75625,58.69,2.81966,0.21692,1.1623,21.44518,22.61936,20.24688
80-90,46,53.33364,59.34,2.88552,0.22104,1.19386,21.74244,22.91631,20.54943
80-90,47,53.9125,60.0,2.95265,0.22519,1.22559,22.04437,23.21775,20.85438
80-90,48,54.49889,60.67,3.02128,0.22892,1.25879,22.35244,23.52344,21.16299
80-90,49,55.0925,61.33,3.09153,0.23255,1.29349,22.66344,23.8301,21.47939
80-90,50,55.69286,62.01,3.16265,0.23718,1.32988,22.98139,24.1422,21.79773
80-90,51,56.28857,62.7,3.23381,0.2421,1.3677,23.30056,24.45902,22.12723
80-90,52,56.9075,63.4,3.3078,0.24746,1.40823,23.62692,24.78511,22.46322
80-90,53,57.53219,64.11,3.38282,0.25383,1.45072,23.95886,25.10971,22.80453
80-90,54,58.16444,64.82,3.45978,0.26103,1.494,24.29899,25.44362,23.15102
80-90,55,58.79345,65.54,3.53808,0.26907,1.54031,24.64457,25.78646,23.50752
80-90,56,59.435,66.27,3.61854,0.27714,1.58958,24.99813,26.13058,23.8714
80-90,57,60.08555,67.02,3.7014,0.28462,1.64184,25.35841,26.48564,24.24447
80-90,58,60.755,67.77,3.78548,0.29234,1.69794,25.72736,26.83937,24.62293
80-90,59,61.44125,68.54,3.87343,0.30196,1.75784,26.10634,27.20148,25.01028
80-90,60,62.13125,69.33,3.96269,0.3227,1.82239,26.49003,27.57803,25.40603
80-90,61,62.83545,70.14,4.05428,0.35232,1.89098,26.88041,27.96109,25.81905
80-90,62,63.54857,70.96,4.14809,0.38468,1.96647,27.28198,28.3559,26.23752
80-90,63,64.28125,71.8,4.24457,0.41896,2.04879,27.6965,28.76068,26.66414
80-90,64,65.03,72.66,4.34417,0.45805,2.13928,28.1207,29.17281,27.10182
80-90,65,65.79571,73.54,4.4474,0.49586,2.23806,28.55811,29.59947,27.55018
80-90,66,66.58625,74.43,4.55307,0.5328,2.34419,29.00694,30.03883,28.02639
80-90,67,67.39556,75.36,4.66047,0.5737,2.46313,29.46701,30.48889,28.50735
80-90,68,68.22444,76.3,4.77321,0.61353,2.59554,29.94875,30.95201,29.01064
80-90,69,69.07667,77.29,4.89068,0.65217,2.74364,30.44219,31.43719,29.51748
80-90,70,69.955,78.3,5.0107,0.69018,2.90446,30.9499,31.93224,30.05622
80-90,71,70.85833,79.34,5.13802,0.72694,3.07187,31.47256,32.44171,30.608
80-90,72,71.79,80.41,5.26783,0.7629,3.25304,32.02089,32.97082,31.18303
80-90,73,72.76,81.51,5.40551,0.79865,3.43416,32.58797,33.52246,31.784
80-90,74,73.76333,82.64,5.54648,0.83365,3.60209,33.18005,34.08961,32.41043
80-90,75,74.80222,83.83,5.69587,0.86736,3.77862,33.79714,34.68629,33.05805
80-90,76,75.88,85.05,5.8512,0.89999,4.04899,34.43817,35.31362,33.74085
80-90,77,77.00222,86.31,6.01494,0.9313,4.38496,35.10665,35.95816,34.44296
80-90,78,78.1725,87.62,6.1872,0.96221,4.75495,35.80373,36.6345,35.19127
80-90,79,79.39084,88.99,6.36918,0.99286,5.12053,36.54137,37.33874,35.9657
80-90,80,80.655,90.42,6.55946,1.02336,5.45705,37.31285,38.08452,36.78035
80-90,81,81.9885,91.93,6.76159,1.05371,5.76416,38.13255,38.87331,37.63961
80-90,82,83.39818,93.5,6.97455,1.0841,6.02312,38.99052,39.70796,38.54912
80-90,83,84.88,95.18,7.20504,1.11553,6.26195,39.90895,40.58706,39.51682
80-90,84,86.46,96.91,7.44939,1.14813,6.59132,40.88223,41.5303,40.54584
80-90,85,88.10818,98.74,7.71054,1.18282,6.97875,41.91438,42.53664,41.66177
80-90,86,89.88875,100.67,7.99634,1.21887,7.41701,43.03374,43.61274,42.84425
80-90,87,91.80151,102.76,8.30368,1.25519,7.78502,44.25318,44.79095,44.12527
80-90,88,93.87,104.96,8.64092,1.29196,8.07317,45.57279,46.06306,45.50044
80-90,89,96.10426,107.33,9.01992,1.32867,8.32861,47.00574,47.44746,47.01012
80-90,90,98.51833,109.91,9.43769,1.36824,8.84383,48.58398,48.9819,48.67548
80-90,91,101.16134,112.76,9.90649,1.40884,9.49358,50.36239,50.68754,50.50762
80-90,92,104.09333,115.92,10.44916,1.45098,9.97432,52.36523,52.60204,52.59776
80-90,93,107.42893,119.47,11.07327,1.49401,10.30737,54.62674,54.80574,54.94737
80-90,94,111.28222,123.5,11.80759,1.53591,10.91991,57.25035,57.36587,57.66287
80-90,95,115.8082,128.22,12.68853,1.57993,11.96657,60.39961,60.38639,60.9032
80-90,96,121.26125,133.95,13.78885,1.62669,13.54206,64.27688,64.15226,64.89166
80-90,97,128.194,141.19,15.24756,1.67733,14.42676,69.29732,68.98296,70.04916
80-90,98,137.8418,151.38,17.27641,1.73726,16.21751,76.39782,75.87171,77.34113
80-90,99,154.47944,169.02,20.67413,1.81529,19.84672,88.78709,87.84029,89.99345
>90,1,17.08963,20.21,0.0,0.00065,0.0588,6.6089,7.09127,6.04277
>90,2,22.12258,26.13,0.1336,0.00294,0.10237,8.67979,9.32165,7.92277
>90,3,25.96429,30.29,0.27457,0.0064,0.13995,10.14143,10.8644,9.27587
>90,4,29.05571,33.73,0.38985,0.01012,0.17424,11.35462,12.16722,10.39492
>90,5,31.70286,36.67,0.49175,0.01402,0.20639,12.43328,13.31728,11.38913
>90,6,34.0925,39.25,0.58539,0.01806,0.2367,13.41372,14.33432,12.30038
>90,7,36.236,41.55,0.67462,0.02209,0.26548,14.29972,15.26122,13.13421
>90,8,38.21,43.66,0.76028,0.026,0.29337,15.12293,16.12047,13.91644
>90,9,40.01286,45.6,0.8446,0.03037,0.32034,15.88909,16.91892,14.64706
>90,10,41.69333,47.42,0.92585,0.03499,0.34621,16.6198,17.66475,15.34943
>90,11,43.30609,49.12,1.00626,0.03989,0.37197,17.31606,18.378,16.01875
>90,12,44.81667,50.7,1.08555,0.04474,0.39717,17.97311,19.05935,16.66179
>90,13,46.2858,52.22,1.16458,0.04939,0.42194,18.60112,19.71244,17.29227
>90,14,47.6875,53.7,1.24301,0.05421,0.44644,19.21593,20.34112,17.90042
>90,15,49.02375,55.08,1.3214,0.05932,0.47068,19.806,20.94742,18.49079
>90,16,50.2987,56.45,1.3991,0.06463,0.49499,20.38796,21.53693,19.06889
>90,17,51.555,57.77,1.47663,0.07018,0.51887,20.95458,22.10647,19.63792
>90,18,52.77,59.05,1.55371,0.07592,0.54245,21.51471,22.66691,20.19528
>90,19,53.96,60.31,1.63031,0.08199,0.56639,22.06102,23.22209,20.74885
>90,20,55.09714,61.54,1.70774,0.08818,0.59035,22.60311,23.76589,21.29818
>90,21,56.22125,62.75,1.78471,0.09441,0.61431,23.14352,24.30369,21.84274
>90,22,57.34375,63.93,1.86153,0.10053,0.63887,23.67823,24.83497,22.38022
>90,23,58.4425,65.11,1.9383,0.10656,0.6634,24.21217,25.36195,22.92549
>90,24,59.52444,66.28,2.01492,0.1126,0.68856,24.73925,25.88829,23.46724
>90,25,60.5825,67.45,2.09155,0.11836,0.71391,25.26465,26.40952,24.0076
>90,26,61.64778,68.61,2.16934,0.12382,0.73932,25.79517,26.92882,24.54629
>90,27,62.70333,69.77,2.24864,0.12902,0.76489,26.32495,27.44711,25.08774
>90,28,63.75889,70.91,2.32659,0.13411,0.79043,26.85008,27.96661,25.62609
>90,29,64.8075,72.07,2.40529,0.13914,0.81636,27.38354,28.48536,26.16826
>90,30,65.84,73.21,2.4846,0.14407,0.8427,27.91992,29.00507,26.71338
>90,31,66.87714,74.35,2.56393,0.14907,0.86948,28.45699,29.5245,27.26409
>90,32,67.92,75.49,2.6442,0.15404,0.89643,28.99635,30.0538,27.81824
>90,33,68.96143,76.64,2.72443,0.15894,0.9238,29.54766,30.5827,28.3796
>90,34,70.01,77.79,2.8063,0.1639,0.95154,30.10336,31.10848,28.9446
>90,35,71.0565,78.96,2.88871,0.16882,0.97971,30.65838,31.64616,29.51807
>90,36,72.11215,80.11,2.97244,0.1738,1.00846,31.21563,32.18686,30.09435
>90,37,73.1625,81.28,3.05704,0.17873,1.03762,31.7814,32.73044,30.67652
>90,38,74.24235,82.4546,3.14248,0.18344,1.06774,32.34996,33.28065,31.26488
>90,39,75.31113,83.64,3.22958,0.18805,1.09867,32.93034,33.84016,31.86124
>90,40,76.39444,84.82,3.31696,0.19253,1.13009,33.5226,34.40323,32.46388
>90,41,77.5,86.01,3.40606,0.19684,1.16198,34.12008,34.97279,33.07714
>90,42,78.6175,87.21,3.49737,0.20096,1.19473,34.72085,35.54597,33.7026
>90,43,79.73872,88.44,3.59024,0.20489,1.22888,35.33831,36.13381,34.33205
>90,44,80.87111,89.66,3.68399,0.20864,1.26424,35.96338,36.72559,34.98004
>90,45,82.00875,90.9,3.77987,0.21226,1.30072,36.59103,37.32451,35.63478
>90,46,83.164,92.17,3.8764,0.21609,1.33851,37.23099,37.93769,36.30043
>90,47,84.33857,93.46,3.97627,0.22054,1.37804,37.88707,38.55999,36.97593
>90,48,85.52586,94.77,4.0753,0.22499,1.41863,38.5461,39.19397,37.66018
>90,49,86.7509,96.11,4.17777,0.22909,1.46111,39.22764,39.83935,38.36113
>90,50,87.99826,97.46,4.28219,0.23323,1.50515,39.91885,40.4983,39.07446
>90,51,89.27091,98.84,4.38767,0.23833,1.55149,40.62705,41.1683,39.80692
>90,52,90.56,100.24,4.49741,0.24369,1.60055,41.35037,41.85348,40.56245
>90,53,91.875,101.66,4.60881,0.24985,1.6514,42.08602,42.54914,41.32058
>90,54,93.205,103.13,4.72315,0.25697,1.70575,42.8437,43.25725,42.0957
>90,55,94.57143,104.63,4.83921,0.26527,1.76312,43.61172,43.98169,42.89825
>90,56,95.96237,106.14,4.95999,0.27384,1.8228,44.39923,44.72879,43.71522
>90,57,97.385,107.68,5.08307,0.28218,1.8858,45.21316,45.48613,44.55138
>90,58,98.838,109.25,5.20867,0.2902,1.95427,46.03395,46.26575,45.40914
>90,59,100.32882,110.86,5.3381,0.30018,2.02606,46.88765,47.07426,46.28271
>90,60,101.84821,112.44,5.47021,0.31824,2.10462,47.75904,47.89736,47.19399
>90,61,103.41778,114.08,5.60783,0.34572,2.18947,48.65375,48.73444,48.1276
>90,62,105.01167,115.79,5.74848,0.37487,2.27875,49.5775,49.59385,49.08724
>90,63,106.65875,117.55,5.89493,0.40499,2.37626,50.52815,50.47925,50.07485
>90,64,108.36125,119.41,6.04492,0.43833,2.48119,51.51598,51.40301,51.09188
>90,65,110.085,121.21,6.20009,0.47165,2.59339,52.52708,52.35083,52.14762
>90,66,111.83717,123.16,6.35933,0.50421,2.71848,53.57594,53.32477,53.22493
>90,67,113.62,125.14,6.52586,0.53784,2.85476,54.65086,54.3347,54.34879
>90,68,115.525,127.2,6.69695,0.57374,2.99436,55.77048,55.38545,55.52032
>90,69,117.4925,129.34,6.87708,0.60851,3.1404,56.92689,56.4669,56.71862
>90,70,119.55887,131.54,7.06343,0.64365,3.30353,58.1301,57.58672,57.96178
>90,71,121.605,133.8,7.25403,0.67866,3.46889,59.38213,58.76566,59.26818
>90,72,123.802,136.16,7.45491,0.71329,3.62486,60.69096,59.9839,60.63101
>90,73,126.08908,138.6,7.66342,0.74756,3.79773,62.04678,61.25938,62.04152
>90,74,128.51,141.11,7.88392,0.78092,4.04419,63.48006,62.59445,63.52327
>90,75,131.03444,143.8125,8.11218,0.81445,4.34158,64.98807,63.99647,65.0752
>90,76,133.64874,146.58,8.35397,0.84787,4.65937,66.56752,65.444,66.71159
>90,77,136.38889,149.47,8.60582,0.88067,4.99219,68.21559,66.98066,68.41929
>90,78,139.30333,152.41,8.87142,0.91277,5.30829,69.95158,68.59164,70.23554
>90,79,142.31888,155.54,9.15273,0.94437,5.60027,71.77723,70.29325,72.13388
>90,80,145.53167,158.83,9.45301,0.97522,5.86467,73.71185,72.08633,74.15974
>90,81,148.855,162.29,9.77209,1.00659,6.08633,75.76761,73.96908,76.3056
>90,82,152.31454,165.98,10.10926,1.0383,6.32741,77.95893,75.99176,78.60314
>90,83,156.045,169.92,10.46643,1.07079,6.65778,80.27907,78.13796,81.04611
>90,84,160.092,174.11,10.85028,1.10377,7.03146,82.76354,80.45404,83.62801
>90,85,164.42,178.61,11.26467,1.13799,7.43692,85.42315,82.90489,86.40479
>90,86,169.09609,183.45,11.71211,1.17422,7.77541,88.29047,85.58895,89.41245
>90,87,174.14,188.7629,12.20165,1.21257,8.05921,91.42423,88.49386,92.71881
>90,88,179.655,194.52,12.72405,1.25156,8.31296,94.83677,91.67096,96.32539
>90,89,185.74,200.87,13.30614,1.29125,8.7967,98.57778,95.17342,100.2827
>90,90,192.43215,207.99,13.94795,1.33109,9.34156,102.80103,99.07901,104.68039
>90,91,200.32727,216.03,14.66603,1.37399,9.88545,107.50714,103.43652,109.56312
>90,92,209.18071,225.03,15.47525,1.41839,10.22954,112.85936,108.45587,115.19506
>90,93,219.245,235.24,16.40204,1.46426,10.6982,119.11032,114.27284,121.66911
>90,94,231.07,246.8,17.48946,1.5104,11.38728,126.45681,121.03318,129.31557
>90,95,244.71286,260.58,18.81177,1.55698,12.76848,135.28325,129.19386,138.54452
>90,96,261.57938,277.3,20.45111,1.60687,13.86985,146.31426,139.36577,149.99237
>90,97,284.65856,300.56,22.65782,1.66103,14.68902,160.75351,153.04244,165.01944
>90,98,319.76,336.3666,26.05256,1.72427,17.51979,182.24877,173.72491,187.39782
>90,99,382.41825,402.5033,32.84696,1.8059,19.80712,224.38153,214.10379,230.67748
All,1,7.955,9.39,0.17897,0.00225,0.05243,1.99375,1.87378,1.96019
All,2,9.49714,11.2,0.28666,0.00788,0.09278,2.60162,2.47786,2.50605
All,3,10.64857,12.54,0.36757,0.01326,0.12734,3.07,2.94932,2.92029
All,4,11.61299,13.67,0.43584,0.01836,0.15841,3.477,3.35978,3.27589
All,5,12.47391,14.66,0.49755,0.02304,0.18709,3.8453,3.73349,3.59618
All,6,13.26,15.57,0.55423,0.02773,0.21411,4.18898,4.0825,3.89369
All,7,13.99625,16.43,0.60772,0.03292,0.23925,4.51373,4.41354,4.17538
All,8,14.6925,17.24,0.65895,0.03834,0.26352,4.82466,4.73226,4.44472
All,9,15.36,18.02,0.70859,0.04381,0.28681,5.12764,5.04116,4.70343
All,10,16.005,18.77,0.75682,0.04878,0.30935,5.42161,5.34254,4.95612
All,11,16.63429,19.5,0.80407,0.05377,0.33128,5.70877,5.63747,5.20516
All,12,17.245,20.19,0.85062,0.05904,0.35272,5.99172,5.92815,5.44913
All,13,17.84556,20.89,0.89614,0.06447,0.37373,6.27033,6.21564,5.69035
All,14,18.43375,21.57,0.94178,0.07013,0.39437,6.54624,6.50105,5.92775
All,15,19.01571,22.25,0.9867,0.07593,0.41466,6.82001,6.78322,6.16401
All,16,19.59222,22.92,1.03116,0.08191,0.43461,7.09102,7.06465,6.39898
All,17,20.1525,23.58,1.07568,0.08794,0.45436,7.3609,7.34457,6.63217
All,18,20.71857,24.24,1.12006,0.094,0.47392,7.62954,7.62393,6.86549
All,19,21.28167,24.89,1.16476,0.09992,0.49333,7.89725,7.90131,7.09831
All,20,21.845,25.54,1.20931,0.10567,0.51253,8.16403,8.17873,7.33165
All,21,22.40375,26.2,1.25401,0.1115,0.53156,8.42971,8.45536,7.56446
All,22,22.96375,26.85,1.29888,0.11711,0.55075,8.69726,8.73185,7.79852
All,23,23.52667,27.49,1.34376,0.12245,0.57002,8.96313,9.00847,8.03335
All,24,24.08857,28.14,1.3887,0.12758,0.58926,9.22977,9.28456,8.26974
All,25,24.652,28.8,1.43407,0.1325,0.60859,9.49686,9.56177,8.50768
All,26,25.215,29.45,1.47979,0.13737,0.62806,9.76328,9.83842,8.7472
All,27,25.78,30.09,1.52574,0.14215,0.64822,10.03028,10.11623,8.98812
All,28,26.34667,30.75,1.57177,0.14706,0.66849,10.2977,10.39332,9.23063
All,29,26.92111,31.41,1.61818,0.15199,0.68889,10.56578,10.67202,9.47491
All,30,27.49556,32.07,1.66507,0.15685,0.70946,10.83517,10.95116,9.72173
All,31,28.07667,32.74,1.71241,0.16171,0.73024,11.10477,11.23107,9.97056
All,32,28.656,33.41,1.76017,0.16655,0.75118,11.37571,11.51222,10.22235
All,33,29.2425,34.09,1.8085,0.17136,0.77234,11.64901,11.79441,10.4765
All,34,29.83545,34.76,1.85718,0.17611,0.79388,11.92365,12.07789,10.73371
All,35,30.42889,35.45,1.90647,0.18077,0.81562,12.20036,12.36373,10.99541
All,36,31.0325,36.14,1.95617,0.18525,0.83768,12.47829,12.65034,11.25901
All,37,31.64,36.83,2.00658,0.18961,0.86021,12.75825,12.93795,11.52755
All,38,32.25625,37.54,2.05753,0.19381,0.88298,13.03929,13.22861,11.79999
All,39,32.87636,38.25,2.10929,0.19781,0.90631,13.32301,13.52022,12.07654
All,40,33.50429,38.97,2.16197,0.20162,0.92995,13.60936,13.81383,12.35779
All,41,34.14429,39.7,2.2157,0.20523,0.95422,13.89715,14.10979,12.64486
All,42,34.7925,40.44,2.2702,0.20863,0.97897,14.18715,14.4081,12.93674
All,43,35.45,41.18,2.3257,0.21192,1.00423,14.48001,14.70679,13.23364
All,44,36.11667,41.94,2.38197,0.21536,1.03018,14.77534,15.00892,13.53703
All,45,36.79388,42.71,2.43951,0.21927,1.05672,15.07334,15.31384,13.84446
All,46,37.4825,43.48,2.49797,0.22337,1.08418,15.37354,15.62228,14.15971
All,47,38.18,44.27,2.5577,0.22731,1.11259,15.67783,15.93471,14.48036
All,48,38.89167,45.06,2.61891,0.23074,1.14189,15.98657,16.24923,14.80796
All,49,39.6175,45.87,2.68156,0.23506,1.17221,16.29833,16.56737,15.14278
All,50,40.35167,46.69,2.74562,0.23986,1.20343,16.61343,16.88807,15.48522
All,51,41.0975,47.53,2.81128,0.24488,1.23607,16.93134,17.21265,15.83469
All,52,41.86222,48.37,2.87844,0.25072,1.27018,17.25429,17.54176,16.19465
All,53,42.63625,49.23,2.94742,0.25733,1.30611,17.58258,17.87621,16.56259
All,54,43.42667,50.1,3.01823,0.26499,1.34404,17.91602,18.21322,16.93961
All,55,44.23214,51.0,3.09113,0.27289,1.38398,18.25372,18.55644,17.32672
All,56,45.05375,51.91,3.16611,0.28066,1.42614,18.59617,18.90579,17.72338
All,57,45.89625,52.84,3.24299,0.28782,1.47088,18.94545,19.25856,18.13322
All,58,46.75455,53.79,3.32188,0.29613,1.51885,19.29909,19.61707,18.55351
All,59,47.63286,54.76,3.40358,0.3056,1.57018,19.66063,19.98303,18.98652
All,60,48.53167,55.75,3.48788,0.33319,1.62577,20.02982,20.35556,19.43392
All,61,49.445,56.76,3.57484,0.36347,1.68586,20.40615,20.73572,19.89694
All,62,50.38,57.81,3.66497,0.39466,1.75147,20.78976,21.12337,20.37297
All,63,51.35,58.87,3.7584,0.43315,1.82333,21.18357,21.51965,20.86528
All,64,52.34667,59.96,3.85482,0.47441,1.90215,21.58644,21.92391,21.3744
All,65,53.37111,61.09,3.95498,0.51096,1.99057,21.99842,22.33873,21.90267
All,66,54.42227,62.25,4.05864,0.55629,2.09,22.42251,22.7659,22.44989
All,67,55.50222,63.44,4.16659,0.60084,2.20262,22.85886,23.20558,23.02062
All,68,56.6225,64.67,4.2788,0.6439,2.32754,23.30852,23.65772,23.61511
All,69,57.785,65.94,4.39537,0.68603,2.47013,23.77316,24.12299,24.23228
All,70,58.98182,67.26,4.51781,0.72655,2.63127,24.25382,24.60695,24.87836
All,71,60.22,68.63,4.64534,0.76566,2.81651,24.75244,25.10573,25.54748
All,72,61.51667,70.05,4.77868,0.80377,3.00954,25.26958,25.62434,26.25064
All,73,62.86125,71.52,4.91844,0.84088,3.2164,25.8099,26.16473,26.98516
All,74,64.26375,73.06,5.06463,0.87629,3.42874,26.37163,26.72794,27.758
All,75,65.72111,74.65,5.21913,0.91014,3.61284,26.96083,27.31688,28.57392
All,76,67.25714,76.33,5.38085,0.94284,3.82259,27.57984,27.93675,29.43355
All,77,68.86727,78.09,5.55236,0.97444,4.15932,28.23418,28.5906,30.3402
All,78,70.55778,79.94,5.73409,1.00584,4.54505,28.92486,29.27952,31.2984
All,79,72.34222,81.87,5.92724,1.03681,4.96488,29.66329,30.01393,32.32091
All,80,74.23727,83.92,6.13138,1.06749,5.34015,30.4512,30.7962,33.41154
All,81,76.243,86.09,6.35002,1.09832,5.6699,31.29212,31.6357,34.57265
All,82,78.3925,88.38,6.58389,1.13002,5.94998,32.19921,32.53495,35.81876
All,83,80.68,90.82,6.83458,1.16366,6.18433,33.18607,33.51029,37.15612
All,84,83.136,93.46,7.10304,1.19841,6.50846,34.26319,34.57099,38.59401
All,85,85.77111,96.3,7.39533,1.23387,6.90603,35.44066,35.73241,40.17017
All,86,88.66071,99.36,7.71216,1.26912,7.35856,36.74763,37.01023,41.88091
All,87,91.81364,102.7,8.05948,1.30386,7.73722,38.2003,38.43001,43.75831
All,88,95.2875,106.38,8.44103,1.33876,8.03195,39.83486,40.01954,45.83379
All,89,99.13417,110.41,8.86421,1.37642,8.26574,41.68315,41.8114,48.14959
All,90,103.44125,114.88,9.33512,1.41451,8.70077,43.80528,43.84601,50.75298
All,91,108.31667,120.0,9.86783,1.45314,9.40083,46.25437,46.19725,53.71803
All,92,113.86,125.9,10.47082,1.49176,9.91574,49.12191,48.93992,57.14353
All,93,120.41,132.85,11.17125,1.5289,10.23567,52.56442,52.18298,61.19017
All,94,128.364,141.18,11.99581,1.56743,10.69625,56.72747,56.12413,66.08691
All,95,138.2975,151.53,12.99017,1.60794,11.49969,61.96428,61.03652,72.2058
All,96,151.01,164.77,14.23166,1.65134,13.34601,68.87264,67.45148,80.21127
All,97,168.59694,183.03,15.86173,1.69871,14.28487,78.48021,76.31423,91.24818
All,98,195.42,211.1,18.19758,1.75458,15.38509,93.42091,90.03913,108.36292
All,99,246.65757,262.64,22.33475,1.8283,19.87293,122.75498,117.04721,141.21698
